regulator	name	target	i	importance	importance_sc	effect	col
PLA2G1B	alimentary canal	CEL	4569	0.6770065218154694	0.6544041370218912	0.20071789309666105	#FDDC8E
PLA2G1B	alimentary canal	GP2	10444	0.6097132425443768	0.5937264091794413	0.18300149887802186	#FDDC8E
INS	alimentary canal	CEL	11356	0.5983935443830714	0.58157219841232	0.21808217205712335	#FDDC8E
PLA2G1B	alimentary canal	CPB1	2233	0.5983584348002294	0.5662774969324788	0.22842201710782717	#FDDC8E
INS	alimentary canal	CPB1	4654	0.593504774714347	0.5666643401838348	0.27369845113438945	#FDDC8E
INS	alimentary canal	PRSS3P2	10163	0.49794272044759524	0.4808582507123983	0.217898253775126	#FDDC8E
INS	alimentary canal	GP2	19301	0.469334524732103	0.45360280226642097	0.21485088320354817	#FDDC8E
PLA2G1B	alimentary canal	PRSS3P2	12068	0.40862605441988353	0.3906584642619979	0.16958403260125274	#FDDC8E
ONECUT1	alimentary canal	ASGR2	3533	0.38842849416209013	0.3088686130906528	0.17864146391087393	#FDDC8E
ATOH1	alimentary canal	SPINK4	790	0.3749100666286201	0.31160225757045806	0.25112254636229525	#FDDC8E
CDX1	alimentary canal	MUC2	161	0.35873316619923473	0.34934763943815084	0.26663164248309257	#FDDC8E
SFRP5	alimentary canal	CEL	61848	0.34829841062984807	0.3334150450896874	0.09061961098600836	#FDDC8E
ATOH1	alimentary canal	MUC2	632	0.3437455905296705	0.2840522036266631	0.25890032175952016	#FDDC8E
ATOH1	alimentary canal	ITLN1	4372	0.3242862002909143	0.2773484192963988	0.2296106399789207	#FDDC8E
CDX2	alimentary canal	CDX1	113	0.31994403784230635	0.31117337578399956	0.3171253570533027	#FDDC8E
ONECUT1	alimentary canal	C8G	6066	0.31115312901883924	0.2541207285533848	0.17001597931413598	#FDDC8E
ONECUT3	alimentary canal	MUC6	7199	0.294953760967586	0.19356242238442778	0.17778959165242197	#FDDC8E
ONECUT3	alimentary canal	ANXA10	8076	0.29312267574275297	0.2050186234621006	0.17946569788285255	#FDDC8E
NKX6-1	alimentary canal	CPB1	47084	0.2875004969507913	0.15466320304137296	0.0359659745601249	#FDDC8E
ONECUT1	alimentary canal	ALB	2511	0.28623365757098557	0.22075344508712014	0.20634334631822468	#FDDC8E
NEUROD1	alimentary canal	CPB1	56076	0.2844962414193504	0.16233193894952194	0.07697741782521078	#FDDC8E
SLC26A3	alimentary canal	CA1	24427	0.2783706825561153	0.2768548222820139	0.2016724749921168	#FDDC8E
NEUROD1	alimentary canal	ASCL1	16807	0.2779567220877601	0.2528955975633783	0.147356359877492	#FDDC8E
CDX1	alimentary canal	CDX2	225	0.2744229868158431	0.2727676711648239	0.28860388526380326	#FDDC8E
SLC26A3	alimentary canal	CEACAM7	6253	0.26996664417950345	0.2654162498221057	0.22623883278217932	#FDDC8E
ONECUT1	alimentary canal	ITIH2	1647	0.24753456682267752	0.18720173952730296	0.1977789687362713	#FDDC8E
ONECUT1	alimentary canal	VTN	2937	0.24575511788817878	0.1914638101241238	0.1984502358039977	#FDDC8E
CDX1	alimentary canal	GPA33	276	0.24193770910788298	0.23961089416784434	0.28500345410797806	#FDDC8E
CDX2	alimentary canal	MUC2	439	0.23622214691327012	0.22626869424838303	0.22760377923480973	#FDDC8E
ONECUT1	alimentary canal	ORM1	6809	0.2354749987897042	0.1876398772358792	0.18068003335385144	#FDDC8E
CDX2	alimentary canal	CDH17	438	0.234383822968111	0.22545691530057774	0.2819309513395856	#FDDC8E
NR0B2	alimentary canal	CLDN18	1069	0.2331469173391317	0.1909623306918825	0.13017865107779367	#FDDC8E
CDX2	alimentary canal	GPA33	366	0.22938496445458442	0.22454462318999974	0.2884575274141265	#FDDC8E
INS	alimentary canal	SCGN	43218	0.2234147024909647	0.22330838734908262	0.2402028433817744	#FDDC8E
NR0B1	alimentary canal	AKR1C2	28258	0.2212147194897955	0.190770931350461	0.14381245627101893	#FDDC8E
CDX1	alimentary canal	SPINK4	1000	0.21984434736110542	0.2146347613800538	0.2050769214834103	#FDDC8E
NR0B2	alimentary canal	PGC	1308	0.2187786574445643	0.1876313182199288	0.13434733113865543	#FDDC8E
ASCL1	alimentary canal	CTNND2	5583	0.21844952944867907	0.21745665067514425	0.21285383366010605	#FDDC8E
AGTR2	alimentary canal	AGER	5805	0.21770863967498164	0.13539075832352487	0.1690581781850723	#FDDC8E
ONECUT1	alimentary canal	TM4SF4	3946	0.21611602895587873	0.14443952595224072	0.1834199136571367	#FDDC8E
CDX1	alimentary canal	CDH17	588	0.21437640706491837	0.21240249505613756	0.2659093912568497	#FDDC8E
NR0B1	alimentary canal	AKR1C1	18198	0.20717527918081993	0.1743162079604474	0.17021637487371388	#FDDC8E
TBX4	alimentary canal	SFTPA2	629	0.20635004592043113	0.11792320872424002	0.18579850585228655	#FDDC8E
ONECUT1	alimentary canal	IGFBP1	8547	0.2053116421789853	0.1583843698141856	0.14620692039856503	#FDDC8E
ONECUT1	alimentary canal	LBP	12087	0.20453078279124307	0.16470630132872863	0.148773539352449	#FDDC8E
ATOH1	alimentary canal	FCGBP	13606	0.20293870296979663	0.18010173209480895	0.22416723479158704	#FDDC8E
PLA2G10	alimentary canal	CLDN18	4443	0.20290863481233415	0.16480302705115	0.14845459339777084	#FDDC8E
CDX1	alimentary canal	CCL24	1666	0.2011985687144876	0.20018389096051528	0.2156209617816002	#FDDC8E
AGTR2	alimentary canal	SFTPA2	1787	0.19936027063851905	0.11397806927087213	0.15020712177722473	#FDDC8E
SATB2	alimentary canal	LEFTY1	16836	0.1990934833527431	0.17358710432377564	0.11196325502383707	#FDDC8E
KDM5D	ALL	XIST	9	0.3998685830951242	0.2864538214678129	-0.3431851616064561	#FEF295
ZFY	ALL	XIST	11	0.35127817703659703	0.24320832564400066	-0.32843383770080664	#FEF295
ZFY	ALL	KDM5D	2	0.3329369593335632	0.24360837564795176	0.433696500262915	#FEF295
ZFY	ALL	TXLNGY	10	0.3227387979435928	0.23907482089207802	0.3953036418604779	#FEF295
KDM5D	ALL	TXLNGY	8	0.3192984892188618	0.26143851988572103	0.42884090911588196	#FEF295
ZNF124	ALL	HIST1H3F	172	0.3125117902337347	0.29527992007720144	0.22129536502756664	#FEF295
ZFY	ALL	DDX3Y	6	0.29468649276277176	0.21241018585253765	0.4148117178318645	#FEF295
BCL11B	ALL	MYO7B	17393	0.2924066340936505	0.28941332953047905	0.14216769575087504	#FEF295
ZNF460	ALL	HIST1H2BL	42	0.2824996223204373	0.2756077928566324	0.25500816920253866	#FEF295
ZNF460	ALL	HIST1H2BI	40	0.2804901074939587	0.2736880604301351	0.2672740964832981	#FEF295
ZNF460	ALL	SCARNA13	32	0.28047228253246853	0.2740174372285962	0.27844159128763757	#FEF295
ZNF460	ALL	ENSG00000261069	426	0.2799826757547386	0.2737809855243372	0.22626892361279896	#FEF295
ZNF460	ALL	HIST1H2AL	71	0.2771081983568695	0.2704393902337258	0.2473274382264135	#FEF295
BCL11B	ALL	LCK	2858	0.27415279994568864	0.2703503956257527	0.19758548756989644	#FEF295
KDM5D	ALL	DDX3Y	7	0.27396253972415374	0.21000082451879976	0.41754435746976054	#FEF295
BCL11B	ALL	RN7SKP185	19319	0.27382680950272076	0.2700642430070033	0.09744518183986262	#FEF295
ZNF460	ALL	HIST1H3I	37	0.2735293791408367	0.2668148681577053	0.2703037394772346	#FEF295
ZNF407	ALL	SCARNA10	462	0.2722111507800535	0.22176516106062338	0.2016895566834466	#FEF295
ZNF460	ALL	HIST1H3B	50	0.271471144419656	0.26509219871632816	0.2562752111428926	#FEF295
ZNF460	ALL	SNORD116-19	144	0.27067861129222776	0.26466689002736327	0.2592384080615593	#FEF295
ZNF124	ALL	RN7SL752P	52	0.2686882388945611	0.2528453013744088	0.24469847629600552	#FEF295
ZNF124	ALL	RN7SL674P	105	0.26447099849471384	0.24996644152984276	0.22443669942307684	#FEF295
ZNF124	ALL	HIST1H4B	145	0.2615451885859499	0.24682706839200363	0.2339808806006452	#FEF295
ZNF460	ALL	SNORA73B	53	0.26071501914937095	0.25456070177837176	0.26133488631222657	#FEF295
ZNF407	ALL	SCARNA13	620	0.26047370702005385	0.21206466663272533	0.1919000171385343	#FEF295
PAX5	ALL	FAM129C	1098	0.26046615799771167	0.24875728007930867	0.24263875061313628	#FEF295
ZNF460	ALL	RN7SKP185	326	0.25973048713105573	0.2527990297730893	0.21952187313570148	#FEF295
ZNF460	ALL	RN7SL5P	15	0.25899896989041027	0.25288958780041876	0.2848957035964884	#FEF295
ZNF460	ALL	ENSG00000222489	38	0.2588285145912708	0.2528124606173172	0.2566975453626716	#FEF295
ZNF407	ALL	HIST1H3F	947	0.2575194994684485	0.20704979225137107	0.16216514397199583	#FEF295
LHX9	ALL	RN7SKP185	23838	0.25674674728650754	0.07006042982520451	0.03020438623264825	#FEF295
ZNF460	ALL	RN7SL752P	21	0.2564233073830887	0.2502007202119333	0.27904359685737873	#FEF295
BCL11B	ALL	CHI3L2	22554	0.2564122724203455	0.25361273932186423	0.14507445013364742	#FEF295
ZNF460	ALL	SCARNA10	17	0.25549281494455195	0.24948096059025737	0.3101667559259989	#FEF295
ZNF124	ALL	HIST1H2BI	293	0.2546764803484665	0.23983441607177275	0.20653529204121274	#FEF295
ZNF460	ALL	HIST1H4B	19	0.2533355689604498	0.24754143932436282	0.29251731693093513	#FEF295
ZNF460	ALL	ENSG00000252213	24	0.25217532133944937	0.24595721938990256	0.2677803255826737	#FEF295
ZNF124	ALL	ENSG00000252213	76	0.2515108591752134	0.23675480558268658	0.23303861449367544	#FEF295
ZNF407	ALL	HIST1H4A	962	0.2501279774435349	0.2025638251476275	0.17644163201898888	#FEF295
ZNF407	ALL	HIST1H1B	989	0.24893498775730444	0.20191756920498471	0.15712857008058834	#FEF295
ZNF407	ALL	HIST1H2AJ	1375	0.24838186724884342	0.19953385247477406	0.15456951632922977	#FEF295
ZNF460	ALL	HIST1H4A	26	0.24826931413776399	0.24214380149187412	0.2899740764676016	#FEF295
ZNF124	ALL	HIST1H3I	311	0.24725969738751696	0.2330394321768297	0.20876788949828678	#FEF295
ZNF124	ALL	HIST1H4A	284	0.2435985349390282	0.23005450959743123	0.2173377972194486	#FEF295
ZNF460	ALL	RN7SL128P	60	0.2435131718943377	0.23747705434352984	0.2679300718200721	#FEF295
ZNF407	ALL	HIST1H2BI	1273	0.24324560538855577	0.19657055750166175	0.15983349434846456	#FEF295
ZNF407	ALL	HIST2H3D	1760	0.2427451662429978	0.19668456723732336	0.16442734480627536	#FEF295
ZNF407	ALL	HIST1H2AH	1346	0.24244877174989868	0.1958351786537237	0.14980281619706523	#FEF295
ZNF460	ALL	SNORA23	30	0.24201007982311143	0.2363347556541944	0.27499401888064817	#FEF295
ZNF124	ALL	SNORA23	167	0.2410917951160635	0.22653396649349747	0.22688696333136554	#FEF295
KLF1	AML	AHSP	129	0.3719500265636075	0.3153049854404204	0.3095322476255879	#D7B5B4
KLF1	AML	CA1	173	0.3635792048665151	0.30989431688297914	0.32478607102007323	#D7B5B4
GATA1	AML	CA1	999	0.34340739582232904	0.2942549756311001	0.24817302616499545	#D7B5B4
KLF1	AML	SLC4A1	314	0.33760586458368524	0.29385866770907637	0.31435819443563234	#D7B5B4
PAX5	AML	VPREB3	201	0.31456362164150736	0.2991918617063979	0.2722821618338736	#D7B5B4
GATA1	AML	AHSP	724	0.31232840314033383	0.26319491325511263	0.23761037464639784	#D7B5B4
KDM5D	AML	XIST	9	0.3066375501476554	0.17755708227454237	-0.3431851616064561	#D7B5B4
CEBPE	AML	DEFA3	12198	0.2832558636154212	0.24099523659669048	0.13540283025128083	#D7B5B4
KLF1	AML	HBA1	1366	0.2783125703231498	0.23326073657329435	0.2557363181880614	#D7B5B4
GATA1	AML	SLC4A1	1469	0.27634958469738885	0.23699784486116593	0.24237612554452323	#D7B5B4
ZFY	AML	XIST	11	0.274695669632756	0.1406758992590738	-0.32843383770080664	#D7B5B4
GPR97	AML	DEFA3	11353	0.27140037674096323	0.2616906197207217	0.1589727214175307	#D7B5B4
GFI1B	AML	CA1	2783	0.2700665003490544	0.21601800063869567	0.1595821575850443	#D7B5B4
GFI1B	AML	AHSP	3027	0.26833741247830395	0.21477359181668035	0.16427394244942792	#D7B5B4
IL18RAP	AML	DEFA3	29553	0.2462453891736156	0.20484935512744315	0.113281082815552	#D7B5B4
CEBPE	AML	CAMP	32203	0.24160694263551585	0.2176907388272137	0.12321867533314274	#D7B5B4
CEBPE	AML	ELANE	3906	0.23632100410744922	0.19507652505118178	0.20633995737891464	#D7B5B4
ZFY	AML	KDM5D	2	0.23600736289407076	0.1275549545216652	0.433696500262915	#D7B5B4
ZFY	AML	DDX3Y	6	0.23452094627404133	0.12593644946471091	0.4148117178318645	#D7B5B4
IL18RAP	AML	CAMP	22213	0.23402558742117419	0.20583995604268757	0.13102767885388675	#D7B5B4
EGFR	AML	DEF6	49825	0.23359020752774648	0.04380674083752042	-0.045458007108963666	#D7B5B4
GATA1	AML	HBA1	3850	0.22980024945295993	0.18710693769440218	0.1888082242251355	#D7B5B4
CEBPE	AML	RNASE3	4825	0.223632168300921	0.18466952699106481	0.19811930081903137	#D7B5B4
S100A12	AML	DEFA3	6692	0.22259499196749888	0.21800698214717107	0.15197905980231985	#D7B5B4
PAX5	AML	TCL1A	535	0.22234811135868035	0.21213836044413487	0.2427725187707084	#D7B5B4
KDM5D	AML	DDX3Y	7	0.22085642809539105	0.13716102433207236	0.41754435746976054	#D7B5B4
CEBPE	AML	CTSG	6836	0.21979008469988232	0.18496499629808794	0.19918519894467748	#D7B5B4
GPR97	AML	CAMP	31832	0.21904572012779644	0.21365867548085482	0.12428180161100032	#D7B5B4
PAX5	AML	MIR5195	1602	0.2122571496155576	0.207526789578319	0.2288583252681225	#D7B5B4
ZFY	AML	TXLNGY	10	0.2016381091094521	0.11175379890587235	0.3953036418604779	#D7B5B4
ERG	AML	CD34	1060	0.19962475995435902	0.1737160333443932	0.1991172315550302	#D7B5B4
GFI1B	AML	SLC4A1	8607	0.1986778971110957	0.16440988377699406	0.15152565471553162	#D7B5B4
CEBPE	AML	CLC	3352	0.19864583875000077	0.15994367105618412	0.1714581982394623	#D7B5B4
NLRP12	AML	FCN1	6042	0.19697448340017798	0.15467686469624847	0.17530062325961365	#D7B5B4
ZFY	AML	EIF1AY	4	0.19385318890112477	0.10067045385176102	0.4175926069747474	#D7B5B4
GFI1B	AML	IGHD1-20	18800	0.19377501618382367	0.1564737252739233	0.12345902546785276	#D7B5B4
PAX5	AML	IGHV5-78	1728	0.1923569529742602	0.18849604580458945	0.20595357524103527	#D7B5B4
KLF1	AML	HBA2	3986	0.1922959840718113	0.15914562626136655	0.23266289519151087	#D7B5B4
S100A12	AML	CAMP	9624	0.1911435552405703	0.18848597571026654	0.15213824314840663	#D7B5B4
GFI1B	AML	HBA1	8170	0.19089374992626312	0.14717443980230063	0.13564514011959458	#D7B5B4
KDM5D	AML	TXLNGY	8	0.19030228089214948	0.12970490058020806	0.42884090911588196	#D7B5B4
PAX5	AML	CD19	707	0.18883049915622105	0.18058344451046357	0.25131243020399974	#D7B5B4
CEBPE	AML	AZU1	6533	0.18728086952283401	0.15308189804875	0.20885221532364437	#D7B5B4
GATA1	AML	CLC	9070	0.18716682543799915	0.1434604588982548	0.13965813995674692	#D7B5B4
KDM5D	AML	EIF1AY	3	0.18505669257253599	0.1134138325694862	0.4241708670977012	#D7B5B4
PAX5	AML	BLNK	3206	0.18473313963364688	0.17698764338075432	0.22042200552884483	#D7B5B4
ZFY	AML	RPS4Y1	1	0.18368769126180262	0.09222592319093505	0.4243439385369298	#D7B5B4
CEBPE	AML	RETN	9017	0.1812694831102687	0.14958610430723107	0.16693696642014244	#D7B5B4
EBF1	AML	TCL1A	11795	0.18085021482285224	0.17172475214135186	0.12459162938975456	#D7B5B4
ANXA3	AML	DEFA3	4335	0.17968548694010963	0.10013358703124742	0.07419040281403846	#D7B5B4
ZNF407	BL	HIST1H2AJ	1375	0.41715996713124026	0.3159120013819037	0.15456951632922977	#5582AC
ZNF407	BL	HIST1H3J	2222	0.3915398864055258	0.2960045666885505	0.1313023900591865	#5582AC
ZNF407	BL	HIST1H2AH	1346	0.38861406116950786	0.29447636531209065	0.14980281619706523	#5582AC
ZNF407	BL	HIST1H4D	1051	0.385812260169048	0.2921347132391724	0.17256449779544053	#5582AC
ZNF407	BL	HIST1H1B	989	0.385707280054671	0.29229089485358667	0.15712857008058834	#5582AC
ZNF407	BL	HIST2H3D	1760	0.3827585640765495	0.290514601950123	0.16442734480627536	#5582AC
ZNF460	BL	HIST1H2BM	121	0.3801589678075331	0.3686555331094935	0.24630017069218338	#5582AC
POU5F2	BL	HIST1H2BM	814	0.37999144733419316	0.14375960605226357	0.19593997036560143	#5582AC
ZNF460	BL	ENSG00000252213	24	0.36707847848997477	0.35607879651343505	0.2677803255826737	#5582AC
ZNF460	BL	HIST1H4D	34	0.36153340423307057	0.3506917469582508	0.2675301787967707	#5582AC
ZNF407	BL	HIST1H2BI	1273	0.3602781829004183	0.2737065887477485	0.15983349434846456	#5582AC
ZNF460	BL	HIST1H2BL	42	0.3577577106249995	0.3469754312215563	0.25500816920253866	#5582AC
PAX5	BL	TCL1A	535	0.35695774760777327	0.35560685238817463	0.2427725187707084	#5582AC
ZNF460	BL	HIST1H3B	50	0.3500762370192968	0.3397851663921185	0.2562752111428926	#5582AC
ZNF407	BL	HIST1H2AB	1440	0.347686617516476	0.2626907705275772	0.15136656462974374	#5582AC
ZNF460	BL	HIST1H2AJ	117	0.34027556988964147	0.329820737706252	0.23936373455170853	#5582AC
ZNF460	BL	HIST1H2BI	40	0.3384601615612735	0.3281743551751601	0.2672740964832981	#5582AC
KDM5D	BL	XIST	9	0.33371090868061154	0.19769024208157643	-0.3431851616064561	#5582AC
ZNF460	BL	HIST1H4B	19	0.3260786413725748	0.31647203867587037	0.29251731693093513	#5582AC
ZNF460	BL	HIST1H3J	116	0.323688762994917	0.3138519727051071	0.2190025497918338	#5582AC
PAX5	BL	VPREB3	201	0.32323411935401364	0.32186539916503304	0.2722821618338736	#5582AC
ZNF460	BL	HIST1H2AH	90	0.32268956158327605	0.3130235581310538	0.25049193349965115	#5582AC
ZNF407	BL	HIST1H2BL	1459	0.3209009535571982	0.24370001225465887	0.15570408824664586	#5582AC
ZNF407	BL	HIST1H2AL	1950	0.32049128964466617	0.24284047761694624	0.14719311351021738	#5582AC
ZNF407	BL	HIST1H3B	1803	0.31896625737388035	0.24152972126185485	0.15199379911651034	#5582AC
ZNF460	BL	HIST1H2AL	71	0.318404384626376	0.3087773724850073	0.2473274382264135	#5582AC
ZNF460	BL	HIST2H3D	84	0.31110547800292776	0.30167021588933446	0.25365627275551234	#5582AC
ZNF460	BL	HIST1H2AB	51	0.30646812139250224	0.29727693574771313	0.25613607018001544	#5582AC
ZNF407	BL	HIST1H4A	962	0.30531330785172167	0.23097196720196905	0.17644163201898888	#5582AC
POU5F2	BL	ENSG00000252213	239	0.3046691117426173	0.11707891818901295	0.2303906383963703	#5582AC
ZNF460	BL	HIST1H3I	37	0.3039939333602033	0.29476843154747623	0.2703037394772346	#5582AC
ZNF407	BL	HIST1H3I	1212	0.3037756464264387	0.2302078268012098	0.15887905160791563	#5582AC
ZFY	BL	XIST	11	0.30140905442212906	0.1623487352079696	-0.32843383770080664	#5582AC
PAX5	BL	ENSG00000265517	5862	0.301037284320273	0.29984928176431974	0.1716977716039488	#5582AC
SPIB	BL	TCL1A	2546	0.3006626079782859	0.28551914961549724	0.21184501915614995	#5582AC
BACH2	BL	MT-RNR1	55132	0.3002667783838117	0.29981101024790324	-0.09354824946838002	#5582AC
ZNF407	BL	HIST1H2BO	2009	0.3000282021699139	0.22760385615590786	0.15503567743746574	#5582AC
PAX5	BL	TNFRSF13C	885	0.2959161079093878	0.29487688632445275	0.26099436467843734	#5582AC
ZNF407	BL	HIST1H4B	586	0.2959136067083733	0.22418823818083938	0.1849005233306909	#5582AC
POU5F2	BL	HIST1H4D	785	0.2930717290871852	0.11210868547820774	0.19647503735290545	#5582AC
ZNF460	BL	HIST1H1B	36	0.29259371404056866	0.28385546183198207	0.26228591684141805	#5582AC
MYOG	BL	MYBPC1	4911	0.2872267081610681	0.22016839420265114	0.2951729738621181	#5582AC
ZNF407	BL	HIST1H3F	947	0.28291241001231654	0.21521405364647522	0.16216514397199583	#5582AC
ZNF460	BL	HIST1H3A	66	0.27857646034332667	0.2703208403735807	0.27644050204324655	#5582AC
ZNF460	BL	HIST1H4A	26	0.27781097446536707	0.269435864385457	0.2899740764676016	#5582AC
PAX5	BL	ENSG00000263413	7589	0.2770681225763102	0.2759308622095931	0.16357418961751355	#5582AC
ZNF407	BL	HIST1H3A	2578	0.2768136550275689	0.20975875831646318	0.16211846793815698	#5582AC
POU5F2	BL	HIST1H2AB	754	0.27498685145904256	0.10422989957918097	0.19274108640559964	#5582AC
ZNF460	BL	HIST1H3D	414	0.274336764878287	0.26608363959038284	0.22016370204078328	#5582AC
ZNF460	BL	HIST1H2AM	164	0.2731511433560658	0.2648225467936953	0.24341818659901782	#5582AC
PPARG	BLCA	UPK2	2755	0.5089501645407767	0.49808488720067423	0.09757953490271101	#DD0C83
MYCL	BLCA	UPK2	3502	0.5007586854042009	0.4880654442450114	0.11029812375177914	#DD0C83
GRHL3	BLCA	UPK2	258	0.47294322379946385	0.45727485822885505	0.1685439533552634	#DD0C83
INS	BLCA	SCGN	43218	0.45524641151791	0.4552457370748522	0.2402028433817744	#DD0C83
GATA3	BLCA	UPK2	2252	0.4292966671976833	0.424663152659436	0.08699974942648157	#DD0C83
EVX1	BLCA	UPK3A	1968	0.3836058089323237	0.257446176105902	0.17707122350276683	#DD0C83
GATA3	BLCA	DHRS2	330	0.3363041093487094	0.3278201398376609	0.18864549152738952	#DD0C83
MSX2	BLCA	UPK2	8555	0.335848949537975	0.31675286567878763	0.07868155828347911	#DD0C83
PPARG	BLCA	DHRS2	13328	0.29859770944349623	0.29276736111562857	0.08919312837866282	#DD0C83
ONECUT3	BLCA	MUC6	7199	0.2852273543478449	0.19594011965576835	0.17778959165242197	#DD0C83
MYCL	BLCA	DHRS2	20749	0.263234867973016	0.25656925254663004	0.08987153632878324	#DD0C83
NR0B1	BLCA	AKR1C1	18198	0.2605574369737841	0.23753467562599287	0.17021637487371388	#DD0C83
SP5	BLCA	NOTUM	1359	0.25676209023605623	0.2237115154344107	0.19539692523442448	#DD0C83
TEAD3	BLCA	UPK2	4422	0.2500623828348306	0.24510556014554866	0.07691991653402405	#DD0C83
ONECUT1	BLCA	SLC38A3	13949	0.24351813901222477	0.20240027042976536	0.16304070121744452	#DD0C83
SALL3	BLCA	NEFH	53218	0.24282658020329062	0.1446935445913626	0.03868632983516317	#DD0C83
MSX2	BLCA	DHRS2	8766	0.24262782946598563	0.22440837075988193	0.09407386317505827	#DD0C83
ASCL1	BLCA	DLL3	10552	0.24220014427633332	0.23770093623204744	0.20430933766721518	#DD0C83
SOX14	BLCA	NOTUM	15321	0.2414359395138028	0.15302015575155165	0.08574789033557086	#DD0C83
MYCL	BLCA	UPK3B	21215	0.23151868796925282	0.2255955990167919	0.11076867646307878	#DD0C83
GRHL3	BLCA	UPK1B	3888	0.22995063962444576	0.22198624147052276	0.15411175027535093	#DD0C83
MYCL	BLCA	UPK3A	30265	0.22836641281529413	0.22368442600684488	0.09609665956846757	#DD0C83
TRIM31	BLCA	ANXA10	695	0.22162309013468498	0.1868614501690604	0.18117817851080667	#DD0C83
ELF5	BLCA	GABRP	11207	0.221391485098041	0.21242031412162757	0.13002192710545743	#DD0C83
NR0B1	BLCA	CPLX2	31368	0.22053856163103772	0.19299027053241996	0.1667395234037399	#DD0C83
GRHL3	BLCA	PADI3	3049	0.2200133050660885	0.20775741291467723	0.14601460760785848	#DD0C83
GRHL3	BLCA	DHRS2	11346	0.2175326739626288	0.21122040364934735	0.10420119337922853	#DD0C83
PPARG	BLCA	UPK3A	30833	0.21494943772943045	0.2109503740634622	0.08252635426387302	#DD0C83
NR1I3	BLCA	SLC39A5	52051	0.21474065343104612	0.1300239406341458	0.15467103610960298	#DD0C83
NR0B1	BLCA	OSGIN1	27788	0.2143763653286406	0.19623231920049744	0.20127570624407037	#DD0C83
NEUROD1	BLCA	ASCL1	16807	0.2118756816596873	0.14659181075010905	0.147356359877492	#DD0C83
PPARG	BLCA	FER1L4	20027	0.21034262397246928	0.20725115133090824	0.12970770057251915	#DD0C83
HLF	BLCA	SLC6A1	42228	0.20837766653604678	0.15999723951048808	0.07384933694059509	#DD0C83
NR0B1	BLCA	AKR1C2	28258	0.2069440176266155	0.18665352383262357	0.14381245627101893	#DD0C83
GRHL3	BLCA	IGFL1	3901	0.20513126362668274	0.19767019508597017	0.1545993970082444	#DD0C83
SP6	BLCA	UPK2	22545	0.20281107693223874	0.1851184029485574	0.09002069016041606	#DD0C83
TBX3	BLCA	DHRS2	3872	0.2023218061693164	0.19494730507845898	0.08504299620664324	#DD0C83
PPARG	BLCA	VGLL1	26633	0.1986581635935852	0.19506998441130743	0.08896310694814186	#DD0C83
ONECUT3	BLCA	ANXA10	8076	0.19707015649189208	0.15618863338136063	0.17946569788285255	#DD0C83
PPARG	BLCA	PSCA	22443	0.19480862485782827	0.19145380291852246	0.0983613160181221	#DD0C83
TP63	BLCA	PADI3	1572	0.19431033717475202	0.17450395613223568	0.1669509891571378	#DD0C83
FOXI1	BLCA	STAC2	3224	0.1933110449804515	0.15128955820187995	0.182576030047012	#DD0C83
TBX2	BLCA	UPK2	15116	0.1916842476460926	0.18099816032573549	0.05987132386345215	#DD0C83
SCRT1	BLCA	KCNK3	16549	0.1916016547331447	0.13228697795794275	0.1806031668544363	#DD0C83
ELF5	BLCA	UPK2	18942	0.1910911780958032	0.11835364798096146	0.06076296162950939	#DD0C83
SP5	BLCA	CST1	56494	0.19082245656690874	0.18601063108071694	0.11975898576856756	#DD0C83
PPARG	BLCA	SPINK1	13158	0.18933820760088163	0.1860450086562178	0.10503719374344941	#DD0C83
GRHL3	BLCA	PSCA	8489	0.18767462711113442	0.1829445322479909	0.13425155046844636	#DD0C83
BATF	BLCA	UPK2	32045	0.18533041856151783	0.17832294437186427	0.04554618887163212	#DD0C83
TP63	BLCA	CAPNS2	188	0.18477658163058022	0.16572006521745644	0.25704625051704894	#DD0C83
OLIG1	brain glioma	OLIG2	278	0.39183814027686936	0.3914053382772385	0.3218683615744746	#9BB5A4
RFX4	brain glioma	NCAN	266	0.36287974275748947	0.32151156483985793	0.30005544073205576	#9BB5A4
RFX4	brain glioma	GPM6A	485	0.33710133790138336	0.29899602570512135	0.2620962597634612	#9BB5A4
RFX4	brain glioma	OLIG2	690	0.31620133189944427	0.2798015343670952	0.2582909570166743	#9BB5A4
OLIG2	brain glioma	CSPG5	1352	0.3063995341856669	0.303747217133725	0.24796937040315636	#9BB5A4
RFX4	brain glioma	TTYH1	705	0.2960402569895092	0.26536810861647864	0.26683742971534136	#9BB5A4
RFX4	brain glioma	SLC1A2	608	0.28596230058193695	0.2555300986791816	0.27059217314516826	#9BB5A4
OLIG2	brain glioma	KCNJ10	884	0.28162795320958084	0.2782640150084832	0.2580117204916857	#9BB5A4
RFX4	brain glioma	KCNJ10	1344	0.2799794423590184	0.24876318071670667	0.23569608316179608	#9BB5A4
RFX4	brain glioma	MLC1	547	0.27846427570069576	0.25200707902066405	0.3034327706005228	#9BB5A4
OLIG2	brain glioma	NCAN	393	0.2770566516566126	0.27433302122868103	0.2618116043040452	#9BB5A4
RFX4	brain glioma	MT3	555	0.27438748680536734	0.24438303720786259	0.25763869238671233	#9BB5A4
RFX4	brain glioma	AQP4	1121	0.26651839817389245	0.2412907651442572	0.25413470025696544	#9BB5A4
OLIG1	brain glioma	GPM6A	1881	0.26359726673856204	0.262994647964427	0.18752961654423478	#9BB5A4
RFX4	brain glioma	CSPG5	2070	0.259565439250786	0.23097981022376865	0.22947119383891026	#9BB5A4
RFX4	brain glioma	BCAN	1124	0.25681306280443156	0.22876891562267068	0.2486061721255799	#9BB5A4
OLIG2	brain glioma	GPM6A	1517	0.25627545762645537	0.25288835552685224	0.21880797876202612	#9BB5A4
OLIG2	brain glioma	BCAN	899	0.25454472109723536	0.2519111387349335	0.2682164284684398	#9BB5A4
OLIG1	brain glioma	NCAN	803	0.25375536118340725	0.25324350879302976	0.21185446298637017	#9BB5A4
RFX4	brain glioma	CTNND2	1102	0.252356584850583	0.227648110416122	0.26601023003689206	#9BB5A4
NKX6-2	brain glioma	MBP	12106	0.251962535743024	0.20758256443495962	0.19785086686897618	#9BB5A4
SOX2	brain glioma	PTPRZ1	622	0.2457082840415202	0.24549257051382256	0.2502657340056947	#9BB5A4
OLIG2	brain glioma	TTYH1	1106	0.24525436474807866	0.24220999620090558	0.24434708554345572	#9BB5A4
RFX4	brain glioma	SLC1A3	2198	0.24300543489464013	0.21889699363213944	0.23625855500307383	#9BB5A4
OLIG2	brain glioma	MBP	4341	0.2416817708064266	0.23894000946827856	0.18248991704758596	#9BB5A4
RFX4	brain glioma	PTPRZ1	1659	0.23752462128287818	0.21117378765333658	0.23741599404611272	#9BB5A4
POU3F2	brain glioma	OLIG2	4777	0.23703701163796517	0.21128154177355155	0.15652605634523442	#9BB5A4
OLIG2	brain glioma	PTPRZ1	1727	0.23173225970574618	0.22850417202066758	0.23809716836168698	#9BB5A4
POU3F2	brain glioma	GAP43	3087	0.2299968719667277	0.20432193937347046	0.18152335546596932	#9BB5A4
RFX4	brain glioma	FEZ1	2739	0.22489927200768628	0.20061813150395474	0.24024225986684627	#9BB5A4
RFX4	brain glioma	ATP1A2	3392	0.22283170922956483	0.20065762309834628	0.21251627186118813	#9BB5A4
OLIG2	brain glioma	AQP4	2808	0.2220923218835231	0.2179662746353847	0.20588379769239853	#9BB5A4
OLIG2	brain glioma	PLP1	2383	0.21966575017914022	0.21632792553667113	0.2185316389304003	#9BB5A4
OLIG2	brain glioma	SLC1A3	3476	0.21955115692975466	0.216331519272877	0.20461949577168725	#9BB5A4
OLIG2	brain glioma	SOX8	1904	0.21783656128322715	0.2166324130656396	0.25116358048956583	#9BB5A4
RFX4	brain glioma	ADCYAP1R1	1730	0.21737951792834623	0.1982640967515157	0.2595599957623074	#9BB5A4
RFX4	brain glioma	GPM6B	2940	0.2173585712453353	0.19383832531014497	0.23568058564854497	#9BB5A4
POU3F2	brain glioma	GPM6A	5843	0.21660478999919813	0.19305780632567743	0.1520281381594092	#9BB5A4
OLIG1	brain glioma	MBP	4356	0.21647537601789832	0.21605215668670627	0.16713675006461712	#9BB5A4
OLIG1	brain glioma	TTYH1	1982	0.21577374215807113	0.21534627490653374	0.21457891722273006	#9BB5A4
RFX4	brain glioma	SOX8	3634	0.21240466298089056	0.18755225395410383	0.20515960848551731	#9BB5A4
OLIG1	brain glioma	CSPG5	2456	0.20735415748867836	0.20701720923310887	0.20942252653623158	#9BB5A4
SOX2	brain glioma	GPM6A	5191	0.2055661172205449	0.20535987224763735	0.11208559260619902	#9BB5A4
OLIG2	brain glioma	ATP1A2	4391	0.20194374458823583	0.19936113638475159	0.1956071903828552	#9BB5A4
RFX4	brain glioma	ATP1B2	3639	0.20132364702945255	0.17963823713039517	0.21337846592808124	#9BB5A4
POU3F2	brain glioma	BCAN	6155	0.2008346048214185	0.17937593470394858	0.15645767169337452	#9BB5A4
POU3F2	brain glioma	NCAN	6308	0.20050621097692856	0.1789034125031645	0.15419889936082143	#9BB5A4
POU3F2	brain glioma	CTNND2	7338	0.2000869276353621	0.17859480975542205	0.16813785076640056	#9BB5A4
OLIG2	brain glioma	BAALC	3437	0.19915669964753052	0.19577034505893934	0.22576640927274153	#9BB5A4
OLIG2	brain glioma	SLC1A2	1771	0.19910005797246502	0.19630938924344557	0.2182255764022043	#9BB5A4
ANKRD30A	BRCA	LINC00993	13	0.6350829364222201	0.5500528056675082	0.4020803863905657	#D23740
CREB3L3	BRCA	HPX	680	0.4644663464572037	0.4624043836144848	0.20385940812084344	#D23740
MYOG	BRCA	HSPB7	32825	0.412769674268498	0.3792179134640527	0.21715700916602126	#D23740
MYF6	BRCA	HSPB7	28869	0.3959598684744085	0.38505788335752517	0.1845243520470734	#D23740
POU5F2	BRCA	ENSG00000200502	5714	0.32579517062541613	0.21353304241965615	0.21403976749417344	#D23740
GATA3	BRCA	LINC00993	1281	0.3042858334861947	0.3040512663348099	0.1581544496947359	#D23740
NKX2-1	BRCA	NDNF	9043	0.2977560217591698	0.2894230817897744	0.1639173293099057	#D23740
SPDEF	BRCA	ENSG00000244468	399	0.2835090824046851	0.28284053766783585	0.16679988576471033	#D23740
LMX1B	BRCA	LINC00993	1610	0.2827192730016925	0.25610396094750193	0.183253161846828	#D23740
MYOG	BRCA	DES	35287	0.27814974831661343	0.25554049573555987	0.22354766460775377	#D23740
LMX1B	BRCA	CPB1	4010	0.26398603435876566	0.2442765327535556	0.14708997705763055	#D23740
FOXA1	BRCA	ENSG00000244468	435	0.2564183127344816	0.2551669493662406	0.15983357781098284	#D23740
MYOG	BRCA	MYBPC1	4911	0.2444207934214286	0.19433071654305167	0.2951729738621181	#D23740
MYOCD	BRCA	FLNC	12027	0.24220633355194193	0.18714733258592653	0.1890181089957429	#D23740
MYF6	BRCA	AMPD1	54156	0.23784281941159716	0.2285311860646883	0.244729287381501	#D23740
POU5F2	BRCA	MALAT1	2663	0.2287787058350337	0.14999107853007043	0.1786408668233778	#D23740
RERG	BRCA	NPY1R	3084	0.22417623144346324	0.21287277595996523	0.1577528849795712	#D23740
FOXA1	BRCA	LINC00993	1182	0.22346833921532508	0.22263944442035652	0.14366521606050364	#D23740
LMX1B	BRCA	GFRA1	3253	0.21869866623776107	0.1989102675789143	0.20377248069895038	#D23740
LMX1B	BRCA	NPY1R	9178	0.21484406623594926	0.19756324268676745	0.15782563739270628	#D23740
GATA3	BRCA	CPB1	4600	0.2143522469758366	0.21411331645047688	0.1030404796421342	#D23740
ANKRD30A	BRCA	TAT	3415	0.21386005712312237	0.17253285319698905	0.20325816382572406	#D23740
POU5F2	BRCA	TMEM14E	919	0.2129845893659023	0.13932546778998495	0.25398654076865657	#D23740
LMX1B	BRCA	ENSG00000244468	4230	0.21030997700547194	0.18550334600679078	0.13778498813237913	#D23740
IRX5	BRCA	CPB1	47530	0.20999773294246193	0.20343480874104977	0.07733639185712679	#D23740
CREB3L3	BRCA	SAA2	51523	0.20967101911593355	0.18581445151932724	0.12997072081490568	#D23740
FEV	BRCA	CD177	62586	0.2080623444967995	0.07512888274347976	0.06763626492077658	#D23740
LMX1B	BRCA	PIP	3036	0.20115214313119287	0.17843694130261514	0.15750290493896502	#D23740
CREB3L3	BRCA	HP	2522	0.20103961342929608	0.1628726199133481	0.1964068463541344	#D23740
LMX1B	BRCA	GATA3	1928	0.19942527791935527	0.17920537168950715	0.22421651318395094	#D23740
TBX4	BRCA	NAPSA	1833	0.1980159017502196	0.1308443980615794	0.15433044570449017	#D23740
POU5F2	BRCA	ENSG00000234040	2488	0.19697445451671736	0.12881389987964267	0.23666744277307453	#D23740
GATA3	BRCA	PIP	3845	0.1952681599865012	0.1948901897955158	0.1271403975405202	#D23740
IRX5	BRCA	ENSG00000244468	21678	0.19144514258827078	0.18195165167701402	0.08480777242577793	#D23740
ANKRD30A	BRCA	PIP	2519	0.18814956819420658	0.14889585810012934	0.1886978642889724	#D23740
CREB3L3	BRCA	ARG1	2533	0.18697107458293033	0.1501887810226423	0.2066584167338807	#D23740
SPDEF	BRCA	LINC00993	1755	0.18688991789978066	0.18639036737496917	0.13200863116505226	#D23740
GATA3	BRCA	PVALB	3643	0.18222558551925291	0.18196120846500322	0.1538260273074281	#D23740
ISX	BRCA	DDC	38629	0.18080100296559634	0.16178256859484452	0.15334943618339647	#D23740
GATA3	BRCA	NPY1R	13507	0.1788544259268344	0.17874047121499453	0.1223019073243374	#D23740
GATA3	BRCA	NKAIN1	6687	0.17503061570729916	0.1749632824874873	0.15514299134273446	#D23740
POU5F2	BRCA	ATP5HP4	7262	0.17474216649660462	0.11467321952125484	0.19825160836624964	#D23740
IRX1	BRCA	STAC2	15101	0.17440422121454294	0.148902295090161	0.10543022161362937	#D23740
TFAP2B	BRCA	STAC2	4458	0.17432990947147492	0.15027050059644545	0.1264814545968078	#D23740
POU5F2	BRCA	SNORA70G	3490	0.17320325898462274	0.11363580543556343	0.23089533698849815	#D23740
CREB3L3	BRCA	TAT	6898	0.1721636550417229	0.17139934765482503	0.17242512439165705	#D23740
IRX5	BRCA	LINC00993	8589	0.1715862817109117	0.16130095553925586	0.09955087757027639	#D23740
ANKRD30A	BRCA	ENSG00000244468	1681	0.17116858036076646	0.12704596149132524	0.16737626307906284	#D23740
SCRT1	BRCA	GNG4	4743	0.16690771033440321	0.09467498365687273	0.22018980902530105	#D23740
TBX4	BRCA	NDNF	10826	0.16548892005131627	0.10935130935741277	0.17102821932871412	#D23740
ESRRB	CPTAC #1	UMOD	1642	0.7031832363111461	0.49874976548325556	0.16959654090261364	#ABB6BA
LHX1	CPTAC #1	UMOD	6357	0.6230449271064101	0.3703061966104159	0.05786245892444833	#ABB6BA
PKHD1	CPTAC #1	UMOD	2939	0.617544184899316	0.6162719029133957	0.11684602493995049	#ABB6BA
SIM1	CPTAC #1	UMOD	7043	0.5557959898181182	0.48205169985718227	0.11814127299206338	#ABB6BA
ESRRG	CPTAC #1	UMOD	8030	0.5226373534996605	0.4822011922319116	0.08665313872031959	#ABB6BA
TFAP2B	CPTAC #1	UMOD	2236	0.5225832929598819	0.3316976489503422	0.06668314490119626	#ABB6BA
TFCP2L1	CPTAC #1	UMOD	13965	0.4941690241221794	0.48928153520946793	0.04959509679655531	#ABB6BA
FOXI1	CPTAC #1	UMOD	2255	0.4585160319154609	0.3716576568704076	0.10052660498374823	#ABB6BA
UNCX	CPTAC #1	UMOD	3749	0.4454758451770001	0.11983160086171649	0.04010821228098452	#ABB6BA
EMX1	CPTAC #1	UMOD	1978	0.4388969004211462	0.35047119874498084	0.12582978151611815	#ABB6BA
DMRT2	CPTAC #1	UMOD	5693	0.42117268511371553	0.3285124198454177	0.05606146308359953	#ABB6BA
NR1H4	CPTAC #1	SLC17A1	275	0.41933880614517405	0.3831247576006823	0.2664159373843319	#ABB6BA
E2F1	CPTAC #1	UMOD	14651	0.3940943198063367	0.10005205217705032	-0.0384172931866128	#ABB6BA
NR1H4	CPTAC #1	ACSM2A	244	0.3851932591608865	0.35309952692010815	0.2534290609320996	#ABB6BA
SETD3	CPTAC #1	UMOD	33639	0.37558883360663214	0.36957361233184866	0.04209262001273341	#ABB6BA
PKHD1	CPTAC #1	SLC22A2	1166	0.3709140819207576	0.36434333731539964	0.2002015244924006	#ABB6BA
PAX2	CPTAC #1	CUBN	2235	0.3613150888281772	0.264982786121655	0.13315128371815335	#ABB6BA
PKHD1	CPTAC #1	SLC17A3	1890	0.34949253080079035	0.34296895238252456	0.20848326377984264	#ABB6BA
NR1H4	CPTAC #1	SLC22A2	612	0.34513444165667007	0.3160799141819908	0.17566224987084156	#ABB6BA
HNF1B	CPTAC #1	UMOD	3048	0.3447034913450683	0.3191287447204011	0.08093287831909177	#ABB6BA
PKHD1	CPTAC #1	SLC17A1	2479	0.3444667715109507	0.33968664340734245	0.21832829326701864	#ABB6BA
PKHD1	CPTAC #1	CUBN	8744	0.33986304332323736	0.33585469828729114	0.15280979818987492	#ABB6BA
NR1H4	CPTAC #1	ACMSD	198	0.33919328835257195	0.3112917035320892	0.2786585022561261	#ABB6BA
NR1H4	CPTAC #1	SLC17A3	549	0.3330862139229509	0.3070667773611416	0.24315692922931395	#ABB6BA
NR1H4	CPTAC #1	SLC6A13	542	0.33251265930289886	0.30513215441162456	0.21247327663406407	#ABB6BA
PPARGC1A	CPTAC #1	UMOD	27795	0.33045387699228085	0.3213693446021536	0.050418920224928075	#ABB6BA
NR1H4	CPTAC #1	LINC01320	739	0.33028220076003756	0.3055271840642616	0.2030653834366083	#ABB6BA
POU5F2	CPTAC #1	SNORD17	416	0.3259318704650728	0.18097864235729685	0.21888103861974978	#ABB6BA
NR1H4	CPTAC #1	ACSM2B	295	0.3144067429142702	0.28850018517111525	0.25183198842301974	#ABB6BA
SOST	CPTAC #1	UMOD	14614	0.31308525950914823	0.19405454579018067	0.06459767848749573	#ABB6BA
NR1H4	CPTAC #1	CUBN	5335	0.31240538145424485	0.2859759112206342	0.12759773247478082	#ABB6BA
ZNF460	CPTAC #1	SCARNA12	47	0.3108128791574553	0.3042913092330036	0.26410243184280396	#ABB6BA
PAX2	CPTAC #1	UMOD	7705	0.310629475898748	0.24822805969820752	0.08245141186204587	#ABB6BA
POU3F4	CPTAC #1	UMOD	8118	0.3102586880671133	0.07117590449016704	0.030587021858638274	#ABB6BA
IRX1	CPTAC #1	UMOD	11113	0.30941178294637334	0.21200415835864134	0.048169560171362216	#ABB6BA
POU5F2	CPTAC #1	MIR5690	1013	0.30725645125713047	0.1748394872708214	0.21964964683058547	#ABB6BA
ZNF460	CPTAC #1	SNORA54	98	0.30277694431625174	0.2963863059281852	0.2661841824059662	#ABB6BA
NR1H4	CPTAC #1	DPYS	271	0.30014794697285374	0.27627701621399303	0.2649061360301508	#ABB6BA
NR1H4	CPTAC #1	SLC28A1	377	0.29738532074231916	0.27370073398415806	0.24916481264165954	#ABB6BA
NR1H4	CPTAC #1	UMOD	9156	0.2971040142145798	0.2638799616406799	0.06768226020337932	#ABB6BA
PARK2	CPTAC #1	UMOD	15989	0.29701923297923977	0.24181256422710606	0.06907909772205922	#ABB6BA
ZNF44	CPTAC #1	UMOD	40153	0.2965399648816532	0.2608379791132542	0.03616010982175864	#ABB6BA
ZNF460	CPTAC #1	SCARNA5	22	0.2964428412762999	0.2901673930473241	0.29684103873680096	#ABB6BA
TCF21	CPTAC #1	UMOD	15985	0.29555089379627275	0.2097081040435537	0.05209399448499828	#ABB6BA
TFEC	CPTAC #1	CUBN	6893	0.2941576534423726	0.2652077962137186	0.10322299630479549	#ABB6BA
NR1H4	CPTAC #1	ALDH8A1	304	0.29192752517954035	0.2662096287692889	0.2531024803038213	#ABB6BA
HNF4A	CPTAC #1	ACSM2B	431	0.2918367554107862	0.27214591936140753	0.17892820817519522	#ABB6BA
ZNF407	CPTAC #1	ENSG00000281472	2115	0.28943570410595987	0.22819090664912584	0.16655199650400823	#ABB6BA
ZNF460	CPTAC #1	ENSG00000222489	38	0.2881066060886245	0.28194738352381565	0.2566975453626716	#ABB6BA
NR1H4	CPTAC #1	NAT8	323	0.2872222346233519	0.2631465334019429	0.25537142870470686	#ABB6BA
NKX2-1	CPTAC #2	SFTPA2	236	0.3979781330968889	0.385817115077751	0.21340374206738796	#C1561C
NKX2-1	CPTAC #2	NAPSA	72	0.3793811776432285	0.3709990934024613	0.27357550435158134	#C1561C
NKX2-1	CPTAC #2	SFTPD	160	0.368802243376699	0.35860487126527185	0.2620083405040876	#C1561C
FOXI1	CPTAC #2	STAP1	48088	0.36227552205977237	0.3620964777193704	0.15968233522876926	#C1561C
TBX4	CPTAC #2	SFTPA2	629	0.3388038988825643	0.23521724914549477	0.18579850585228655	#C1561C
DMRT2	CPTAC #2	STAP1	44595	0.3125330427919224	0.30120472236383794	0.12690196041227575	#C1561C
SIM1	CPTAC #2	PVALB	11110	0.306963671862824	0.27677293734749087	0.14118256858184208	#C1561C
FOXI1	CPTAC #2	SLC4A1	8512	0.30332328383368484	0.2990826978783192	0.18420311914734977	#C1561C
SIM1	CPTAC #2	RHCG	51027	0.30262476506421443	0.29121966753296435	0.14683880536733593	#C1561C
ATOH1	CPTAC #2	CCL24	18525	0.30057077336855365	0.2797313368666162	0.15586276145686812	#C1561C
ZNF460	CPTAC #2	SNORA73B	53	0.2975791256240892	0.2911057207224517	0.26133488631222657	#C1561C
NKX2-1	CPTAC #2	ATP13A4	389	0.29444873141364997	0.28392310017648165	0.28081470394062213	#C1561C
ZNF460	CPTAC #2	SCARNA12	47	0.2888248195277963	0.28272749382939844	0.26410243184280396	#C1561C
DMRT2	CPTAC #2	RHCG	33826	0.2882780975227733	0.2879840511728503	0.12048297122018176	#C1561C
FOXI1	CPTAC #2	CLDN8	14604	0.28249615989569665	0.2823276143481664	0.1621396219306669	#C1561C
ZNF460	CPTAC #2	ENSG00000222489	38	0.2814970293381791	0.2755236880513256	0.2566975453626716	#C1561C
FOXI1	CPTAC #2	ERP27	36663	0.28072000122954494	0.2793567341121654	0.12048629234612074	#C1561C
ZNF460	CPTAC #2	ENSG00000278771	12	0.277771875939446	0.2716258984387357	0.2805965592222096	#C1561C
FOXI1	CPTAC #2	RHCG	24265	0.2777404226923782	0.2776313309955811	0.1707253801954634	#C1561C
POU5F2	CPTAC #2	SNORD17	416	0.2747039138940805	0.15424030749529277	0.21888103861974978	#C1561C
ZNF460	CPTAC #2	SCARNA5	22	0.2726305809990692	0.26684590823860266	0.29684103873680096	#C1561C
ZNF460	CPTAC #2	SCARNA13	32	0.2703215807873451	0.2645379858725115	0.27844159128763757	#C1561C
TBX4	CPTAC #2	SCGB1A1	3012	0.2688731021935014	0.20568795249080205	0.16674615040387786	#C1561C
ZNF407	CPTAC #2	SCARNA10	462	0.2679156201517358	0.21213874342920352	0.2016895566834466	#C1561C
NKX2-1	CPTAC #2	AGER	773	0.26618364521342985	0.2595197641257832	0.23640097428639623	#C1561C
ZNF460	CPTAC #2	SNORA80A	41	0.2614483162029595	0.25584349501501813	0.2509808231919564	#C1561C
SIM1	CPTAC #2	FXYD2	9721	0.2585408951086085	0.24904383605084335	0.16151414246428777	#C1561C
PLA2G1B	CPTAC #2	AGER	6948	0.258495863410752	0.2309012440050141	0.13745791774602806	#C1561C
ZNF460	CPTAC #2	RN7SL2	29	0.257346470990788	0.25186065464185736	0.2875566848801917	#C1561C
ZNF460	CPTAC #2	MT-ND2	142	0.25495133359156474	0.2496673750207498	-0.23636588568122813	#C1561C
TBX5	CPTAC #2	SFTPA2	1074	0.25359122935753065	0.17257761411103048	0.16904759397992564	#C1561C
KDM5D	CPTAC #2	XIST	9	0.2525943261635299	0.1329380489812028	-0.3431851616064561	#C1561C
ZNF460	CPTAC #2	HIST1H4B	19	0.25215530231786226	0.24692135099422333	0.29251731693093513	#C1561C
ZNF460	CPTAC #2	SCARNA21	70	0.2520408240397527	0.24679695847006392	0.27186331756122195	#C1561C
RTKN2	CPTAC #2	AGER	7808	0.25146931607027895	0.24322144536338397	0.14542760660987672	#C1561C
NKX2-1	CPTAC #2	SFTA2	422	0.24964268585848845	0.24453319069118	0.250549005180192	#C1561C
ZNF460	CPTAC #2	RNY1	31	0.2493822274534067	0.24387853619539285	0.25512352690341145	#C1561C
ZNF460	CPTAC #2	SCARNA10	17	0.24796213475223358	0.24271958605524896	0.3101667559259989	#C1561C
ZNF460	CPTAC #2	SNORA54	98	0.24732071310426215	0.24207206242492624	0.2661841824059662	#C1561C
ZNF460	CPTAC #2	SNORD116-19	144	0.24723986314714186	0.24256472546760963	0.2592384080615593	#C1561C
ZNF460	CPTAC #2	SNORD17	111	0.2446571642367867	0.2395836978667984	0.2485555943897453	#C1561C
POU5F2	CPTAC #2	RN7SL2	406	0.24386335303191387	0.13682235941107107	0.21450121607677144	#C1561C
ZNF407	CPTAC #2	SCARNA13	620	0.24225943129311495	0.1919120990997731	0.1919000171385343	#C1561C
ZNF460	CPTAC #2	SNORD15B	128	0.23885033081463422	0.2335997748652754	0.24588987443019317	#C1561C
TBX4	CPTAC #2	SFTPD	2035	0.23817110160977978	0.1693874313471993	0.16389368398657747	#C1561C
POU5F2	CPTAC #2	RN7SL648P	718	0.2380870179460551	0.1390926533219057	0.2770048063950744	#C1561C
NKX2-1	CPTAC #2	SCGB1A1	2520	0.23800326496244478	0.23035616288771288	0.1443005707419551	#C1561C
ZNF460	CPTAC #2	HIST2H2AC	230	0.2379582920138275	0.23302222842388637	0.24839465127526614	#C1561C
ZNF460	CPTAC #2	RNU4-1	81	0.2374164786723993	0.23228649156267567	0.25663050303601675	#C1561C
ZFY	CPTAC #2	XIST	11	0.23566845542417722	0.11225083143981743	-0.32843383770080664	#C1561C
ZFP42	DBCL	CLDN6	18103	0.4008551147113548	0.3910250620496173	0.16787748091738988	#C1AED0
MYOG	DBCL	TNNT1	13110	0.3953977376282243	0.36527886036277973	0.22862649710708455	#C1AED0
MYOG	DBCL	MYBPC1	4911	0.38056513819414445	0.34253008480759123	0.2951729738621181	#C1AED0
MYOG	DBCL	TNNC1	1908	0.3592103251939445	0.3031428580852639	0.2891990758584544	#C1AED0
MYOG	DBCL	MB	3776	0.3448960876092695	0.28756190223769795	0.268261490097941	#C1AED0
MYOD1	DBCL	TNNT1	36514	0.33209677609862165	0.2654877426451605	0.11694159113422445	#C1AED0
MYOD1	DBCL	MYBPC1	41799	0.3292984318934069	0.26313329985699146	0.12141367668379822	#C1AED0
PAX1	DBCL	CTSV	63156	0.326162830837513	0.32429441145259896	0.1658387625266553	#C1AED0
ONECUT3	DBCL	ANXA10	8076	0.3152741894580947	0.11102331877467439	0.17946569788285255	#C1AED0
MYOG	DBCL	HSPB7	32825	0.31170118577120415	0.29372806405176066	0.21715700916602126	#C1AED0
MYF6	DBCL	TNNC1	2104	0.3023412268776404	0.272406322166466	0.2367181110566774	#C1AED0
FOXN1	DBCL	CTSV	3396	0.30206840246528427	0.26790233148365794	0.15098886249152996	#C1AED0
MYOD1	DBCL	TNNC1	14587	0.3019859900074027	0.2388091364435232	0.14003689517301499	#C1AED0
MYF6	DBCL	TNNC2	2826	0.29858835210804124	0.26352917927603225	0.2172267914685779	#C1AED0
SPIB	DBCL	FAM129C	2708	0.2983677606996414	0.29459908583752453	0.21269947699856304	#C1AED0
AGTR2	DBCL	SFTPA2	1787	0.2948370381075889	0.18695264155226912	0.15020712177722473	#C1AED0
FOXN1	DBCL	CALML3	805	0.2758738451598275	0.2520248877835994	0.24200970523897797	#C1AED0
TCF7	DBCL	TRDC	8983	0.2625220595698381	0.2559683298981289	0.12326135001765948	#C1AED0
SPIB	DBCL	MS4A1	1501	0.26207869564997455	0.2549472945891667	0.22752146002373827	#C1AED0
TCF7	DBCL	SH2D1A	12544	0.2553363824941981	0.25273788700428806	0.13658535916298176	#C1AED0
PAX1	DBCL	CALML3	49779	0.25262312021667194	0.2518634322708815	0.20859877592522094	#C1AED0
SPIB	DBCL	ENSG00000224137	3365	0.24973196096660005	0.24515405289893258	0.1941539741414258	#C1AED0
PAX5	DBCL	VPREB3	201	0.23934361752874597	0.2237725720166309	0.2722821618338736	#C1AED0
TFDP2	DBCL	SH2D1A	16164	0.2388870392257288	0.2353818935793428	0.10905776111387526	#C1AED0
SPIB	DBCL	CD19	2152	0.23609145057215586	0.23059113272563594	0.22328225274421334	#C1AED0
PAX5	DBCL	TNFRSF13C	885	0.23339598489812602	0.22257912869689608	0.26099436467843734	#C1AED0
SPIB	DBCL	TCL1A	2546	0.2330630257760569	0.2275480653570232	0.21184501915614995	#C1AED0
MYF6	DBCL	AMPD1	54156	0.23132991402519293	0.22460076059785478	0.244729287381501	#C1AED0
MYOG	DBCL	DES	35287	0.22872985740662133	0.20261348501756815	0.22354766460775377	#C1AED0
ZFY	DBCL	EIF1AY	4	0.22861543856442845	0.09084307004798266	0.4175926069747474	#C1AED0
PAX5	DBCL	MS4A1	965	0.22826400286055207	0.21477424816449286	0.22643009036052422	#C1AED0
MYOG	DBCL	TNNC2	955	0.22681628817845367	0.17000631089530274	0.32153890895141907	#C1AED0
TBX4	DBCL	SCGB1A1	3012	0.22319673745302634	0.14646997352735533	0.16674615040387786	#C1AED0
MYF6	DBCL	HSPB7	28869	0.21728803562374976	0.20813818781175475	0.1845243520470734	#C1AED0
SPIB	DBCL	CD22	2505	0.21726500613774619	0.21158425857202517	0.20153426195516763	#C1AED0
KDM5D	DBCL	EIF1AY	3	0.21593207295656952	0.11941990522404167	0.4241708670977012	#C1AED0
TCF7	DBCL	CD3D	14180	0.21302879865757884	0.21232858429601517	0.14488979499021157	#C1AED0
TBX4	DBCL	SFTPA2	629	0.21206470977011405	0.10528356316547648	0.18579850585228655	#C1AED0
NKX2-1	DBCL	SFTPA2	236	0.2119209583708234	0.16277775810741124	0.21340374206738796	#C1AED0
GRHL3	DBCL	INA	37609	0.21130634176256752	0.20655750328488923	0.1444364417981813	#C1AED0
RBFOX1	DBCL	DUSP26	39087	0.20633522276006788	0.1279931990554887	0.09081579217736971	#C1AED0
BCL11B	DBCL	LEF1	24767	0.20338966943625503	0.19575998609268247	0.13646105887957163	#C1AED0
MYF6	DBCL	MB	3478	0.20314348316519687	0.16801190484572248	0.22252534452890313	#C1AED0
AGTR2	DBCL	SFTPD	2803	0.20296922907616824	0.12556298296190965	0.1460932510328027	#C1AED0
PAX5	DBCL	FAM129C	1098	0.2020220868255873	0.1949866023580382	0.24263875061313628	#C1AED0
MYF6	DBCL	MYBPC1	8604	0.20034234620165564	0.18276302212622947	0.21709588200415608	#C1AED0
SP140	DBCL	TNFRSF13B	3679	0.20012858078171483	0.19345176008895212	0.19591663894975642	#C1AED0
MYOD1	DBCL	TNNC2	13092	0.20006002727646038	0.14263449357916377	0.16917552424665944	#C1AED0
TBX4	DBCL	SCGB3A1	8516	0.19942386663021994	0.14462881398821817	0.14054837682750246	#C1AED0
ANKRD1	DBCL	MYBPC1	44697	0.1990170180891328	0.1934101770357662	0.11493853792606452	#C1AED0
ESRRB	kidney carcinoma	UMOD	1642	0.6684201344874162	0.5419951879274205	0.16959654090261364	#9D3195
EMX1	kidney carcinoma	UMOD	1978	0.6583658358738405	0.5965033032498933	0.12582978151611815	#9D3195
HNF1B	kidney carcinoma	UMOD	3048	0.6121576465086024	0.593022659050136	0.08093287831909177	#9D3195
LHX1	kidney carcinoma	UMOD	6357	0.5329029851014825	0.316248561351377	0.05786245892444833	#9D3195
PAX2	kidney carcinoma	UMOD	7705	0.4836776555507251	0.437608903448999	0.08245141186204587	#9D3195
SIM1	kidney carcinoma	UMOD	7043	0.47585522634629285	0.38933479422546213	0.11814127299206338	#9D3195
POU3F4	kidney carcinoma	UMOD	8118	0.4660408166932059	0.15307678417786802	0.030587021858638274	#9D3195
PKHD1	kidney carcinoma	UMOD	2939	0.45929726487856304	0.38088192803509596	0.11684602493995049	#9D3195
FOXI1	kidney carcinoma	UMOD	2255	0.43944154270784913	0.3729650077229934	0.10052660498374823	#9D3195
UNCX	kidney carcinoma	UMOD	3749	0.42537382908215093	0.16502188389812905	0.04010821228098452	#9D3195
HOXD8	kidney carcinoma	UMOD	11101	0.42504232545194864	0.4158101592563967	0.0598318306719202	#9D3195
TFAP2B	kidney carcinoma	UMOD	2236	0.4049226681117738	0.2788312596754101	0.06668314490119626	#9D3195
TCF21	kidney carcinoma	UMOD	15985	0.3645560189830822	0.29566597261630784	0.05209399448499828	#9D3195
ANKRD2	kidney carcinoma	UMOD	22931	0.3490757904600128	0.2952718969028469	0.06366462481249242	#9D3195
NR1H4	kidney carcinoma	UMOD	9156	0.34218784405558994	0.26960242754523067	0.06768226020337932	#9D3195
DMRT2	kidney carcinoma	UMOD	5693	0.33054405504878415	0.2522859526735303	0.05606146308359953	#9D3195
ESRRG	kidney carcinoma	UMOD	8030	0.32989784439047826	0.26592436939203523	0.08665313872031959	#9D3195
PAX2	kidney carcinoma	SLC22A2	797	0.31654404450771073	0.27778016235146413	0.16283877821392	#9D3195
NR1H4	kidney carcinoma	SLC22A2	612	0.3138566303018696	0.2750639599035707	0.17566224987084156	#9D3195
E2F1	kidney carcinoma	UMOD	14651	0.31125967810157457	0.08829931937804729	-0.0384172931866128	#9D3195
PARK2	kidney carcinoma	UMOD	15989	0.30297193420504215	0.24109011003035136	0.06907909772205922	#9D3195
TAL2	kidney carcinoma	UMOD	13874	0.3026170985731683	0.14608310194970292	0.059852026982143106	#9D3195
IRX1	kidney carcinoma	UMOD	11113	0.30143549824374144	0.23255590995349792	0.048169560171362216	#9D3195
POU3F3	kidney carcinoma	UMOD	9936	0.29510604208094326	0.2850061443698933	0.07376269829508465	#9D3195
POU3F3	kidney carcinoma	ENSG00000227869	343	0.2865855282338938	0.2745719621217717	0.1953558552634698	#9D3195
TFCP2L1	kidney carcinoma	UMOD	13965	0.274673863651936	0.25646340916185084	0.04959509679655531	#9D3195
NR1H4	kidney carcinoma	NAT8	323	0.27111761743625645	0.23896344198039599	0.25537142870470686	#9D3195
POU3F3	kidney carcinoma	SLC22A2	1004	0.26927678199263966	0.2578693283993805	0.15471573491470478	#9D3195
NR1H4	kidney carcinoma	SLC6A13	542	0.2635336625075084	0.2339345104717815	0.21247327663406407	#9D3195
SALL1	kidney carcinoma	UMOD	33554	0.26194657146780026	0.24860894999622565	0.03578575984752006	#9D3195
NR1H4	kidney carcinoma	ENSG00000227869	822	0.26152764000769685	0.23400649219775718	0.16901655377568434	#9D3195
NR1H4	kidney carcinoma	TMEM27	795	0.2588139913494211	0.2292367174237671	0.20398722379631598	#9D3195
C1orf64	kidney carcinoma	UMOD	36572	0.25738980339360606	0.0823576113420357	0.02313255734141704	#9D3195
FOXI2	kidney carcinoma	UMOD	51125	0.25695483571326705	0.1186386898420361	0.04752528253640245	#9D3195
NR1H4	kidney carcinoma	SLC17A1	275	0.25624643580838546	0.22710354482836193	0.2664159373843319	#9D3195
HOXD10	kidney carcinoma	UMOD	40528	0.2559955850147371	0.2195232053135104	0.037993513731987366	#9D3195
PKHD1	kidney carcinoma	SLC22A2	1166	0.2521356033787561	0.19345783098612407	0.2002015244924006	#9D3195
GPR110	kidney carcinoma	UMOD	33293	0.25132310003004765	0.20395904268672072	0.04031494629033451	#9D3195
NR0B2	kidney carcinoma	UMOD	25278	0.24935926747872217	0.20077660501703504	0.038698807102961454	#9D3195
HOXD3	kidney carcinoma	UMOD	31623	0.2482855079495034	0.12309877606839652	0.052298873684663	#9D3195
GABARAPL1	kidney carcinoma	UMOD	22237	0.24820848923092956	0.2467748282439341	0.032941593610619525	#9D3195
NR1H4	kidney carcinoma	SLC3A1	557	0.24562798248463039	0.21625802375596057	0.2122550419406335	#9D3195
FOXI1	kidney carcinoma	SLC4A1	8512	0.2444857643862818	0.2288696845527985	0.18420311914734977	#9D3195
NR1H4	kidney carcinoma	ACMSD	198	0.24447748392502627	0.21712016715768137	0.2786585022561261	#9D3195
NR1H4	kidney carcinoma	ACSM2A	244	0.24364241390113187	0.2162976661372841	0.2534290609320996	#9D3195
NR1H4	kidney carcinoma	SLC28A1	377	0.2421534980449924	0.2152704906827589	0.24916481264165954	#9D3195
PAX8	kidney carcinoma	UMOD	25225	0.23997666544350432	0.23503040197767083	0.04501682553236632	#9D3195
SOST	kidney carcinoma	UMOD	14614	0.23952898642084672	0.16359891562713902	0.06459767848749573	#9D3195
PAX8	kidney carcinoma	SLC22A2	1608	0.23690361247776887	0.2260637619540308	0.1115412894523427	#9D3195
HOXC10	kidney carcinoma	UMOD	51916	0.23461544194681525	0.22447385562725392	0.03844783735441146	#9D3195
AGT	LIHC	HPR	440	0.6105400585216091	0.61053737025646	0.17779345375143701	#A45E2E
AGT	LIHC	ASGR2	302	0.589421395594373	0.5894191593013476	0.1518707460287637	#A45E2E
CREB3L3	LIHC	HPX	680	0.5869561464577538	0.5818642071667961	0.20385940812084344	#A45E2E
AGT	LIHC	TF	241	0.5778409625280068	0.5778382603883949	0.20355562172181024	#A45E2E
AGT	LIHC	ITIH2	263	0.5770976938133479	0.5770950487207617	0.15793935486645064	#A45E2E
AGT	LIHC	HPX	679	0.5756348994907268	0.5756328210322851	0.13775670622960162	#A45E2E
CREB3L3	LIHC	ITIH3	550	0.5575218376519065	0.5527851891106047	0.21142659262830982	#A45E2E
AGT	LIHC	UGT2B4	404	0.5399304522097107	0.53992818926834	0.14956398754281788	#A45E2E
AGT	LIHC	ITIH1	487	0.5364832909878814	0.5364814236361505	0.15011903867307017	#A45E2E
CREB3L3	LIHC	ALB	670	0.4881517584179433	0.4830728961382614	0.2052341668157459	#A45E2E
CREB3L3	LIHC	ITIH1	787	0.4873382559075171	0.4824646070312498	0.20503338959111922	#A45E2E
CREB3L3	LIHC	AGXT	1157	0.4825656739920163	0.4786444458003671	0.2006944495351229	#A45E2E
CREB3L3	LIHC	HRG	1609	0.47623162695677046	0.47291499391696595	0.1895503585129285	#A45E2E
ONECUT1	LIHC	ITIH1	2472	0.47132665382918926	0.24319629400083373	0.16782024530627113	#A45E2E
AGT	LIHC	AGXT	1258	0.4662931327373611	0.4662917125233459	0.13468074564084853	#A45E2E
AGT	LIHC	HRG	1679	0.465931414695527	0.46592990840747994	0.12340869952551876	#A45E2E
AGT	LIHC	SLC38A3	534	0.4555415829424752	0.455539601174176	0.19148926512012998	#A45E2E
AGT	LIHC	FGL1	728	0.45233164298735445	0.4523298713860718	0.14617828325099794	#A45E2E
AGT	LIHC	SERPIND1	1329	0.4486850000795037	0.4486836114457991	0.1315612677450875	#A45E2E
AGT	LIHC	C8G	782	0.4480872169745185	0.44808519439128763	0.13681254317844854	#A45E2E
CREB3L3	LIHC	HPR	1752	0.4446570747115802	0.44081421619744826	0.20443132585447846	#A45E2E
MLXIPL	LIHC	ITIH3	2139	0.4419471181631921	0.43706551571758484	0.12165401820639908	#A45E2E
NR1I3	LIHC	HRG	570	0.4377941808198367	0.38635460838918245	0.24697065114465205	#A45E2E
CREB3L3	LIHC	CYP2A6	4249	0.4362762930176605	0.4336947965641859	0.1703868660871525	#A45E2E
NR5A2	LIHC	HRG	4714	0.43575839075895484	0.3301989892102491	0.10549445187109806	#A45E2E
NR1H4	LIHC	HPD	525	0.43432908053334157	0.4043475800175823	0.21364863756404634	#A45E2E
AGT	LIHC	ALB	703	0.4342705310558079	0.4342688061974298	0.14255386879662907	#A45E2E
AGT	LIHC	BAAT	1100	0.43245024261263715	0.4324480682337741	0.13499350866176776	#A45E2E
NR1H4	LIHC	AGXT	499	0.43221172222398924	0.4038389077956361	0.18863361216888594	#A45E2E
NR1I3	LIHC	ITIH1	280	0.42948180197074576	0.3817711632053791	0.26567139143918855	#A45E2E
ONECUT1	LIHC	ITIH2	1647	0.42789861970434895	0.23470360231069295	0.1977789687362713	#A45E2E
MLXIPL	LIHC	CYP2A6	6029	0.4274619151848068	0.4227563830473197	0.1055669809767092	#A45E2E
MLXIPL	LIHC	ADH4	5171	0.42650034473205906	0.4214766495442867	0.10168540220708615	#A45E2E
NR1I3	LIHC	AGXT	548	0.42342851721745356	0.37355834708940205	0.25535508181904154	#A45E2E
AGT	LIHC	PLG	1785	0.42092041174448747	0.4209188966966449	0.1280861300494081	#A45E2E
CREB3L3	LIHC	TFR2	1770	0.4205662539007439	0.4170352029813291	0.1986287650533552	#A45E2E
CREB3L3	LIHC	PLG	1400	0.4195192324362391	0.41553197783112644	0.20382714506112057	#A45E2E
AGT	LIHC	MAT1A	1660	0.41915609545612087	0.41915430277982746	0.12694282627036763	#A45E2E
CREB3L3	LIHC	ITIH2	1235	0.41859824893644093	0.4143600408631071	0.1851260685176386	#A45E2E
ONECUT1	LIHC	FGL1	1663	0.41539833996879466	0.21810496526572182	0.19065297693657754	#A45E2E
MLXIPL	LIHC	SERPIND1	2354	0.41525032271523543	0.41060311340338523	0.13445517682446742	#A45E2E
NR1I3	LIHC	CYP2A6	900	0.4129574707521419	0.381037166170049	0.25758767776709585	#A45E2E
NR1H4	LIHC	ITIH3	1135	0.41238168269969694	0.3846589928711086	0.14360755837614633	#A45E2E
CREB3L3	LIHC	SERPIND1	1742	0.4110170300789007	0.4068256384062115	0.1857679015849707	#A45E2E
MLXIPL	LIHC	HPX	2725	0.41042273185983386	0.40533559332929886	0.11827104203045856	#A45E2E
NR1I3	LIHC	TAT	1208	0.4092467313225595	0.3785940525459141	0.262312884605695	#A45E2E
CREB3L3	LIHC	C8G	1064	0.4066505837311761	0.4027597401502325	0.2079324061682024	#A45E2E
AGT	LIHC	ITIH3	1724	0.4063525900158834	0.40635117220133743	0.12163077546901356	#A45E2E
NR1I3	LIHC	ADH4	660	0.40466296120978135	0.3666709347303386	0.2375752222385536	#A45E2E
ONECUT1	LIHC	UGT2B4	3338	0.40435683179621973	0.21866769871359548	0.1688239738527745	#A45E2E
MYF6	LUAD	AMPD1	54156	1.2191938827265287	1.2187657165555743	0.244729287381501	#85624A
MYOD1	LUAD	TNNC1	14587	0.6138129403161952	0.5568199528444255	0.14003689517301499	#85624A
MYF6	LUAD	DUSP26	52580	0.591179662941371	0.5909720477817036	0.2483143218753779	#85624A
MYF6	LUAD	HSPB7	28869	0.574108332116304	0.5739067122019015	0.1845243520470734	#85624A
NKX2-1	LUAD	NAPSA	72	0.5403381755895601	0.5293542207090632	0.27357550435158134	#85624A
MYOG	LUAD	HSPB7	32825	0.5083131950909826	0.5049287282905148	0.21715700916602126	#85624A
MYOG	LUAD	TNNT1	13110	0.4938614914628945	0.4828429974637436	0.22862649710708455	#85624A
MYF6	LUAD	TNNT1	37722	0.4770404749552309	0.47430627299701006	0.1668651921408663	#85624A
NKX2-1	LUAD	BPIFA1	865	0.439174618759141	0.422478402651202	0.16110521203252814	#85624A
NKX2-1	LUAD	SFTPD	160	0.4367175925344416	0.42475830543567816	0.2620083405040876	#85624A
MYF6	LUAD	DES	29870	0.417721161017189	0.39988482797275215	0.18740647537262015	#85624A
TBX4	LUAD	BPIFA1	4381	0.39761059676946026	0.21465046099758509	0.12286992535701217	#85624A
NKX2-1	LUAD	SFTPA2	236	0.39532325246085065	0.3856755491356817	0.21340374206738796	#85624A
ZFP42	LUAD	POU5F1	22643	0.3923247461718513	0.3792021923136005	0.14193825731285523	#85624A
MYOG	LUAD	TNNC1	1908	0.37833900772506707	0.3352007571314529	0.2891990758584544	#85624A
NKX2-1	LUAD	SLC22A31	77	0.3760049725272329	0.36828942540196585	0.32060455507999014	#85624A
TBX4	LUAD	SFTPA2	629	0.373745867742729	0.24748909945676853	0.18579850585228655	#85624A
TBX4	LUAD	SCGB1A1	3012	0.3522694199096366	0.2527304539449194	0.16674615040387786	#85624A
MYOG	LUAD	DES	35287	0.3517354063266913	0.3420534873580118	0.22354766460775377	#85624A
CAMK2A	LUAD	DUSP26	49884	0.3432642558904806	0.3206816658267668	0.10977290661982848	#85624A
NR5A1	LUAD	CPB1	47628	0.33758504652553517	0.3362885466295039	0.20855980294091298	#85624A
ZNF676	LUAD	POU5F1	37918	0.33270043830325047	0.2813402702333076	0.08301817124798692	#85624A
NKX2-1	LUAD	SFTA2	422	0.32985150287687626	0.32385808241670216	0.250549005180192	#85624A
NKX2-1	LUAD	AGER	773	0.32880723080307617	0.321142056624197	0.23640097428639623	#85624A
POU5F2	LUAD	HIST1H2AM	3092	0.3107321342305967	0.09196500818926528	0.1651139580749556	#85624A
NKX2-1	LUAD	SCGB1A1	2520	0.30525228703196394	0.29913356566178934	0.1443005707419551	#85624A
PAX3	LUAD	MLANA	122	0.30377613091040945	0.2423753352571471	0.27187668738621545	#85624A
AGTR2	LUAD	AGER	5805	0.30112260043987327	0.22449980157683042	0.1690581781850723	#85624A
PLA2G1B	LUAD	AGER	6948	0.2954681129060458	0.2686957918879412	0.13745791774602806	#85624A
TBX4	LUAD	SFTPD	2035	0.29421752611022367	0.20148624527944614	0.16389368398657747	#85624A
MYOG	LUAD	MYBPC1	4911	0.2938830440819218	0.24286257036632422	0.2951729738621181	#85624A
TBX4	LUAD	NAPSA	1833	0.29299233437398586	0.18357077409172196	0.15433044570449017	#85624A
NR6A1	LUAD	POU5F1	15155	0.29134511835518395	0.2662579848658467	0.1143421630247995	#85624A
FOXD3	LUAD	TYR	3070	0.28744449679409	0.22024310239003048	0.1484314683725111	#85624A
ALX1	LUAD	TYR	879	0.28620932913768016	0.2391213859575601	0.18533589224906089	#85624A
RBFOX1	LUAD	DUSP26	39087	0.2836561333959226	0.21735047901232432	0.09081579217736971	#85624A
ALX1	LUAD	MLANA	1486	0.2752516693120856	0.2347326295746236	0.17533178422083015	#85624A
PAX3	LUAD	PMEL	210	0.2748769120380238	0.21808343457137436	0.26402818746432666	#85624A
PAX3	LUAD	TYR	93	0.27408521195548025	0.2083937202942756	0.27789033588714496	#85624A
POU5F2	LUAD	HIST1H1D	2058	0.2737483129929917	0.08101919007679868	0.19197151529557444	#85624A
POU5F2	LUAD	SNORA71C	10126	0.27339414761705355	0.08091437046495148	0.15825051305339655	#85624A
FOXH1	LUAD	POU5F1	34905	0.26823336069256637	0.22532977392583034	0.1325752501443847	#85624A
ALX1	LUAD	PMEL	2054	0.2675093630058449	0.2268067331641072	0.17080615769408367	#85624A
VENTX	LUAD	POU5F1	28613	0.26615068456230445	0.24743228018968516	0.10023302662422982	#85624A
FOXD3	LUAD	MLANA	5290	0.26527013414902784	0.20718358857945213	0.12803478882818917	#85624A
INS	LUAD	SCGN	43218	0.26457277411522284	0.2645563436934888	0.2402028433817744	#85624A
TBX5	LUAD	NAPSA	1956	0.2618752294381017	0.1522231005791833	0.15198694696997864	#85624A
RBFOX1	LUAD	TNNC1	44220	0.2612641360162557	0.2001926925818079	0.04552343472119687	#85624A
CTCFL	LUAD	WT1	35830	0.2598671857337572	0.12816122622898102	0.08140753165082802	#85624A
PAX3	LUAD	GPR143	2470	0.25731579104126195	0.2312634822148184	0.2312997583948898	#85624A
PAX3	melanoma	MLANA	122	0.7703944663450344	0.7225347087804465	0.27187668738621545	#95BF9C
PAX3	melanoma	TYR	93	0.7451567862956134	0.6922124976035303	0.27789033588714496	#95BF9C
MITF	melanoma	MLANA	67	0.7254055320134801	0.7146117878570101	0.19490953604996658	#95BF9C
MITF	melanoma	PMEL	134	0.6853924407578208	0.6752571002273555	0.18892471983205522	#95BF9C
MITF	melanoma	TYR	110	0.6775843527813001	0.6670855012070509	0.1832214162782749	#95BF9C
PAX3	melanoma	PMEL	210	0.6320041640927793	0.5887654426679207	0.26402818746432666	#95BF9C
PAX3	melanoma	TYRP1	657	0.6127949740390737	0.5908098626068948	0.23102665426215846	#95BF9C
MITF	melanoma	TYRP1	576	0.5292063076660971	0.5224759171354886	0.14845938797118485	#95BF9C
ALX1	melanoma	TYRP1	2859	0.46622276915497163	0.4373809854829088	0.15866002751425198	#95BF9C
TFAP2A	melanoma	TYRP1	2839	0.45534109990023225	0.4499219909053257	0.09638370583902278	#95BF9C
ALX1	melanoma	MLANA	1486	0.4158651428341188	0.3828086282632526	0.17533178422083015	#95BF9C
ALX1	melanoma	TYR	879	0.4013683874898683	0.3659993624174448	0.18533589224906089	#95BF9C
LZTS1	melanoma	PMEL	1188	0.38916785407119675	0.38349542215605376	0.13659281529440268	#95BF9C
ALX1	melanoma	PMEL	2054	0.38847463523736814	0.3550511302768788	0.17080615769408367	#95BF9C
PAX3	melanoma	GPR143	2470	0.3850550252758386	0.3619206298496625	0.2312997583948898	#95BF9C
LZTS1	melanoma	MLANA	925	0.3838749154750866	0.3778726555702391	0.13919420303264268	#95BF9C
CAPN3	melanoma	TYR	1019	0.3682043870155374	0.30590402609356165	0.157231529616035	#95BF9C
MITF	melanoma	GPR143	1630	0.3664778966285936	0.36144414613238285	0.16797573319839718	#95BF9C
CAPN3	melanoma	PMEL	1465	0.3620458624225546	0.3089813659601	0.16093032774660557	#95BF9C
CAPN3	melanoma	MLANA	1052	0.3606398121679604	0.30523852521514616	0.16806967663791264	#95BF9C
LZTS1	melanoma	TYR	942	0.35574884371839854	0.3508718789789306	0.1362361026410064	#95BF9C
GLMP	melanoma	TYRP1	5573	0.3425000875556452	0.34169192313718943	0.08061934444672478	#95BF9C
CAPN3	melanoma	TYRP1	4913	0.3414819150645671	0.3010976278116095	0.12560444977765406	#95BF9C
LZTS1	melanoma	TYRP1	5388	0.33448504963588205	0.33060323950932535	0.10286628294561306	#95BF9C
MITF	melanoma	BIRC7	1808	0.3294285459547567	0.3246552603511923	0.16172879596076703	#95BF9C
ETV5	melanoma	TYR	2291	0.322046353055591	0.31824855730045826	0.09411885231544204	#95BF9C
TFAP2A	melanoma	TYR	1849	0.3212341290885316	0.3145538591557976	0.10140167349810511	#95BF9C
TFAP2A	melanoma	PMEL	2623	0.31617515799745166	0.311123657784445	0.09873540249275854	#95BF9C
PAX3	melanoma	BIRC7	3564	0.31527880565759947	0.2925491233766471	0.21397968415439667	#95BF9C
IRF4	melanoma	MLANA	606	0.3150767212352463	0.2965287038766854	0.09851532638409925	#95BF9C
TFAP2A	melanoma	MLANA	2100	0.31342513979142456	0.30697040679907467	0.09969654607660292	#95BF9C
PAX3	melanoma	LZTS1	3627	0.29497091826550587	0.2749240441278278	0.2500213384213224	#95BF9C
FOXD3	melanoma	TYR	3070	0.27644466391098965	0.21763311129219792	0.1484314683725111	#95BF9C
FOXD3	melanoma	MLANA	5290	0.2734179496274604	0.208329983134683	0.12803478882818917	#95BF9C
GLMP	melanoma	MLANA	4273	0.25943295593583005	0.25823762638367426	0.0876579361393349	#95BF9C
PAX3	melanoma	ENSG00000256673	6998	0.25860004517754226	0.23745119752501476	0.2005192523626348	#95BF9C
IRF4	melanoma	TYR	1988	0.2544658614006495	0.23928289301482725	0.07346220500093949	#95BF9C
IRF4	melanoma	PMEL	3580	0.25245159226410346	0.2390788232293156	0.0736388616320258	#95BF9C
GLMP	melanoma	PMEL	4003	0.24683802528299378	0.24574312606626791	0.0937600887445688	#95BF9C
FOXD3	melanoma	PMEL	7266	0.23811084695513346	0.18137872835929325	0.12739710088772693	#95BF9C
GLMP	melanoma	TYR	4427	0.23289838999979942	0.2314053754641089	0.0870668046796086	#95BF9C
ETV5	melanoma	MLANA	5327	0.22516604566690035	0.22211115693658445	0.07824363153567769	#95BF9C
IRF4	melanoma	TYRP1	3908	0.22426278156118415	0.2122452513328582	0.0766464813246413	#95BF9C
ETV5	melanoma	PMEL	7342	0.22053481904228422	0.21766539989984918	0.07641318749571048	#95BF9C
ALX1	melanoma	BIRC7	11771	0.22002099003162212	0.20273625947334958	0.14792718436000518	#95BF9C
DUSP4	melanoma	TYR	6992	0.21949984543345205	0.21582865105861743	0.0714817007520024	#95BF9C
MITF	melanoma	PLA1A	5444	0.2163564415320914	0.21264962532368378	0.15527964664448413	#95BF9C
PAX3	melanoma	ENSG00000168824	9708	0.21586225968284345	0.2033983002796487	0.2183284700122712	#95BF9C
ONECUT1	melanoma	PAEP	30676	0.21506297471340421	0.06674165038792033	0.06696888781240236	#95BF9C
BNC2	melanoma	TYRP1	12803	0.21072143188222123	0.14139930072843904	0.06473774263842184	#95BF9C
KDM5D	MM	TXLNGY	8	0.3577901753863964	0.2617684853184723	0.42884090911588196	#5C56A6
ZFY	MM	TXLNGY	10	0.34734381466622855	0.16609212178003638	0.3953036418604779	#5C56A6
ZFY	MM	KDM5D	2	0.31916510172080276	0.14901564964428587	0.433696500262915	#5C56A6
WHSC1	MM	FGFR3	61090	0.2815487406221998	0.27621811722373163	0.0979487515536665	#5C56A6
ZFY	MM	DDX3Y	6	0.25412262056068385	0.11566888950884989	0.4148117178318645	#5C56A6
KDM5D	MM	DDX3Y	7	0.24965083292868553	0.1648085463113233	0.41754435746976054	#5C56A6
KDM5D	MM	EIF1AY	3	0.23892959302165306	0.15562383496116738	0.4241708670977012	#5C56A6
IRF4	MM	TNFRSF13B	870	0.23489524055391428	0.23456088369735412	0.21680254050620296	#5C56A6
ZFY	MM	EIF1AY	4	0.23404475518321394	0.10580049680209425	0.4175926069747474	#5C56A6
GRHL2	MM	IGKV1D-12	7557	0.22193425875251813	0.04177367706892751	0.041064648558314355	#5C56A6
BHLHA15	MM	AMPD1	2191	0.19355617741640002	0.19192608855151203	0.16897026259808193	#5C56A6
PAX5	MM	VPREB3	201	0.18912088336332034	0.152817265820618	0.2722821618338736	#5C56A6
BHLHA15	MM	BMP6	1777	0.18894916748028723	0.1872601982799638	0.1908173756776591	#5C56A6
BHLHA15	MM	IGKV1-33	3133	0.18745843660652833	0.18540909399493194	0.13679886181502096	#5C56A6
MIXL1	MM	IGKV1D-33	10322	0.18324559129058862	0.16525679962701773	0.12043442137235803	#5C56A6
BHLHA15	MM	SEC11C	1305	0.18282539161900146	0.18083782219900402	0.23481527190322954	#5C56A6
BHLHA15	MM	GPRC5D	1894	0.18260488485313117	0.1808259664103988	0.15976113788249824	#5C56A6
BHLHA15	MM	IGHV3OR16-13	3329	0.18175041271686843	0.1795492011616301	0.15038604843635797	#5C56A6
BHLHA15	MM	IGKV3D-11	5921	0.18147143748860772	0.17996776858005573	0.1423379225936601	#5C56A6
IRX5	MM	CRNDE	48	0.1812856815470858	0.03549519737132796	0.2832418866165359	#5C56A6
PRDM1	MM	IGKV1-33	13632	0.18128268063105465	0.18003570084715925	0.111886615617251	#5C56A6
GBX2	MM	IGKV1D-33	25863	0.18106994242225832	0.03401703603741019	0.011150307365628864	#5C56A6
BHLHA15	MM	TXNDC5	1998	0.1800420807308201	0.17819889775771527	0.20241007002607336	#5C56A6
MIXL1	MM	IGHV3OR16-13	2789	0.17934854847261367	0.1656078051666916	0.13039647450774933	#5C56A6
MIXL1	MM	IGKV1-33	5484	0.1782692976177121	0.16194785243303234	0.12077922552591537	#5C56A6
MIXL1	MM	CD1D	11222	0.17791161083897283	0.16845598978656695	0.1566121279588605	#5C56A6
IRF4	MM	IGLJ1	2608	0.17730890857923562	0.17707837003764806	0.20736344173905094	#5C56A6
MIXL1	MM	IGKV3D-11	3199	0.17693909012872153	0.16563745927353596	0.12180268830289993	#5C56A6
BHLHA15	MM	IGHV3-20	6263	0.1756876044704208	0.1741101296042004	0.13809400287203866	#5C56A6
FOXA1	MM	FGFR3	1061	0.17559400173805226	0.03763409076216304	0.10968711177233188	#5C56A6
GAS6	MM	PTP4A3	10437	0.17504028777754652	0.17314029323265298	0.0927602496539381	#5C56A6
MIXL1	MM	FRZB	15967	0.17423330647724622	0.1648083718017039	0.13397361735010574	#5C56A6
BHLHA15	MM	IGKV1D-33	6525	0.1718180110222497	0.1699186219732181	0.12923618370965403	#5C56A6
PRDM1	MM	IGKV1D-33	13697	0.17113906011585475	0.17002171886945017	0.10861966278003507	#5C56A6
CD34	MM	IGKV1D-33	18053	0.16901434315099342	0.032933149846105146	-0.03543625454672254	#5C56A6
IRF4	MM	FCRL5	1879	0.166257165233705	0.16598977217817185	0.21081105666248628	#5C56A6
MIXL1	MM	IGKV1-39	2228	0.1642043715709617	0.15124642988741208	0.13427315710364388	#5C56A6
IRF4	MM	IGHV3OR16-13	1901	0.16353150757907922	0.1631863769067498	0.16021144597067496	#5C56A6
MIXL1	MM	IGKV3OR2-268	1654	0.1632641493418957	0.15182736002751782	0.16526338161326204	#5C56A6
PAX5	MM	MS4A1	965	0.1615025840650342	0.1351160466834053	0.22643009036052422	#5C56A6
SMARCA1	MM	ITGB7	10620	0.16003291352749807	0.036396849054900704	0.043824730917835994	#5C56A6
PRDM1	MM	DUSP5	2563	0.1592207888160151	0.15818635925120572	0.18101323778799447	#5C56A6
BHLHA15	MM	IGKV1-39	3377	0.15891639503105154	0.15658259292470378	0.1489405311916945	#5C56A6
IRF4	MM	AMPD1	2399	0.158205283981892	0.15800764650504143	0.1650414780304856	#5C56A6
ZFY	MM	RPS4Y1	1	0.1580130732163913	0.06789797289633002	0.4243439385369298	#5C56A6
BHLHA15	MM	DERL3	2334	0.157476038343773	0.15585931905346762	0.18200039805386606	#5C56A6
TMSB4X	MM	TMSB4XP8	259	0.1572652094523434	0.13319400987627067	0.26277804239646796	#5C56A6
PRDM1	MM	GPRC5D	3828	0.15507063839166652	0.15398207873097533	0.12193524875430196	#5C56A6
TNFRSF4	MM	TNFRSF18	2046	0.1545407300380211	0.09368471785366106	0.19875521073688399	#5C56A6
BHLHA15	MM	FKBP11	1405	0.15402229247767826	0.1525774975347732	0.23278711214427122	#5C56A6
PHOX2B	PCPG	TH	115	0.9771387581193545	0.9694761477305334	0.29390419209745	#666666
PHOX2B	PCPG	DBH	140	0.9412456705449417	0.9341432295415583	0.2933693628518022	#666666
HAND2	PCPG	TH	297	0.7443288669306587	0.7438268811412847	0.21192536906054327	#666666
PHOX2A	PCPG	DBH	327	0.7238170973296859	0.721399864667675	0.2430833745409861	#666666
HAND2	PCPG	DBH	292	0.6938984959418917	0.6933464987068442	0.2113975102106943	#666666
INS	PCPG	TH	1967	0.6784541402712858	0.5449422415791907	0.1153061046890126	#666666
PHOX2B	PCPG	HAND2	395	0.603411305167731	0.5996269684007585	0.2725504748191291	#666666
PHOX2A	PCPG	TH	464	0.5892216296764277	0.5860255174673032	0.22105270108754993	#666666
PTPRN	PCPG	STMN2	1372	0.5010972244048313	0.4841076890442669	0.21826421212695274	#666666
INS	PCPG	DBH	6139	0.48048063693186266	0.37590845223418745	0.08474940939100487	#666666
INSM2	PCPG	DBH	430	0.4761972747308097	0.41262753490847	0.247949555417362	#666666
TFAP2B	PCPG	DBH	6822	0.46456865733715164	0.4316000073422349	0.0967765966522641	#666666
PHOX2B	PCPG	ARHGAP36	3296	0.45859888693030143	0.45491309628922927	0.2459905957001439	#666666
PHOX2A	PCPG	HAND2	1371	0.4495299036786542	0.44834577832135836	0.21636010113606227	#666666
INSM2	PCPG	TH	1024	0.43167502423013304	0.3706385514060841	0.2161858197610295	#666666
PTPRN	PCPG	TH	4846	0.43108339322830375	0.42556857632746853	0.13520365157095912	#666666
PHOX2B	PCPG	CARTPT	2319	0.4158672888638899	0.4113756008907981	0.1975985348007786	#666666
HAND2	PCPG	CARTPT	1866	0.4031587786832129	0.40287305799094986	0.189625909756573	#666666
SCRT1	PCPG	STMN2	2085	0.38478569278765873	0.3216859790713469	0.20180514361715415	#666666
SCRT1	PCPG	TH	5453	0.38424186229433965	0.31058416797519783	0.11139618925242878	#666666
TLX2	PCPG	HAND2	3187	0.3764722092933913	0.3502737638336722	0.19113803606826063	#666666
PTPRN	PCPG	SCG2	720	0.3730599138130585	0.36717904047712435	0.25165851780170484	#666666
PTPRN	PCPG	DBH	5437	0.36073566773157956	0.3560849083819382	0.13189120982140373	#666666
SCRT1	PCPG	ATP1A3	618	0.3569891034165513	0.29049239824344103	0.28789939993061325	#666666
NTRK1	PCPG	DBH	8580	0.35414744456197017	0.3294082418029963	0.14049736266437746	#666666
INSM1	PCPG	CARTPT	5887	0.3531349017017773	0.3517679153528661	0.12647734369046204	#666666
PTPRN	PCPG	HAND2	7050	0.35231929988039	0.34565796512308866	0.1386543702024763	#666666
PHOX2B	PCPG	CHGA	2059	0.35228705056319487	0.3490811071650056	0.23221860299071864	#666666
TBX20	PCPG	DBH	8553	0.35066944847564385	0.26227321101871637	0.12816281818456057	#666666
TFAP2B	PCPG	TH	11669	0.34723011004385657	0.32253552623574566	0.08699023534201127	#666666
PHOX2A	PCPG	ARHGAP36	8297	0.3460238357594306	0.3450708416046554	0.1914943511172433	#666666
HAND1	PCPG	DBH	6252	0.3365792683875717	0.32085313785308955	0.16120088581153438	#666666
PHOX2B	PCPG	STMN2	3633	0.3331914958487544	0.33119818244265553	0.2250371234065069	#666666
SCRT1	PCPG	HAND2	7673	0.3322529764750799	0.27927493447004753	0.11484064095765828	#666666
SCRT1	PCPG	ATCAY	1792	0.32843894781815225	0.2699408638401651	0.24059384644654233	#666666
PTPRN	PCPG	CPLX2	463	0.3202719194756089	0.31525195360040237	0.2801907395893184	#666666
PTPRN	PCPG	CHGA	1817	0.31580252869446845	0.3109320473800408	0.21595875031391457	#666666
PTPRN	PCPG	INA	3175	0.31351586449143115	0.30604030339123056	0.23511038059323916	#666666
PTPRN	PCPG	RGS4	4678	0.3106969621703308	0.3051173272853783	0.19389166370231797	#666666
PTPRN	PCPG	CHGB	911	0.30836759680590303	0.3037916846398941	0.24592081531541424	#666666
HAND2	PCPG	ARHGAP36	9695	0.3053578103384637	0.30508214827087854	0.16024483061372996	#666666
SCRT1	PCPG	SYP	566	0.30373422877730133	0.24200685603770095	0.26982565733980163	#666666
PHOX2B	PCPG	DDC	4863	0.30358004504706504	0.301251145229281	0.2825576001911475	#666666
NTRK1	PCPG	ARHGAP36	35353	0.30215648374776066	0.2929390331411234	0.13742686878152313	#666666
PTPRN	PCPG	CARTPT	6814	0.2990578866689156	0.2974212505808023	0.13436365895633184	#666666
SCRT1	PCPG	RUNDC3A	467	0.2977588379906306	0.24576136909251955	0.2862077384529897	#666666
SCRT1	PCPG	CHGB	677	0.296395613924892	0.23715750806560637	0.24972367245483953	#666666
MYT1L	PCPG	DBH	11259	0.294287453925625	0.1868116796600268	0.09471794334481878	#666666
TLX2	PCPG	TH	2638	0.29427932694728637	0.2723543435552218	0.17584567487926653	#666666
SCRT1	PCPG	CPLX2	192	0.28938784601474304	0.22940989564084957	0.2933914542774674	#666666
NKX3-1	PRAD	ACPP	138	0.6201462874833746	0.6200916402502131	0.25337560585248975	#E1E89C
NKX3-1	PRAD	TRGC1	87	0.6190803280563876	0.6190265385746418	0.2888559564121937	#E1E89C
NKX3-1	PRAD	SLC45A3	206	0.5825292131169592	0.5824829318677833	0.2563079463520535	#E1E89C
HOXB13	PRAD	NKX3-1	218	0.5683451756726978	0.5680523866893146	0.2217919246825963	#E1E89C
HOXB13	PRAD	ACPP	246	0.5429131026118642	0.5426279894313459	0.21209215962929084	#E1E89C
HOXB13	PRAD	SLC45A3	354	0.5049957611504738	0.5047328907833559	0.2178786366940961	#E1E89C
HOXB13	PRAD	TRGC1	245	0.4969244212699789	0.4966715025614329	0.22144157807271606	#E1E89C
NKX3-1	PRAD	HOXB13	371	0.4597333190773237	0.4596931898327203	0.2432628163363333	#E1E89C
NKX3-1	PRAD	FOLH1	776	0.40833427804869743	0.40830193874593673	0.22841730197545046	#E1E89C
HOXB13	PRAD	FOLH1	1246	0.38081012449935964	0.3806489111395735	0.1976042143366585	#E1E89C
MYOG	PRAD	TNNC1	1908	0.3698735844000581	0.2608288927977446	0.2891990758584544	#E1E89C
NKX3-1	PRAD	STEAP2	1549	0.35527105851961427	0.3552449822392365	0.24418540073910608	#E1E89C
NKX3-1	PRAD	MSMB	1112	0.3339935738820569	0.33395983450268263	0.2272925638007472	#E1E89C
MYOG	PRAD	TNNT1	13110	0.3245765429078835	0.2224777947472114	0.22862649710708455	#E1E89C
NKX3-1	PRAD	TRGC2	1567	0.3135229011128744	0.3134997137758358	0.25565907265159765	#E1E89C
HOXB13	PRAD	TRGC2	2210	0.3107374697762469	0.31059330211462854	0.21954990687980894	#E1E89C
SPDEF	PRAD	NKX3-1	1914	0.30288411878252414	0.30286015101402974	0.1360668288817456	#E1E89C
MYF6	PRAD	TNNC1	2104	0.3004701267086339	0.21705778678188561	0.2367181110566774	#E1E89C
HOXB13	PRAD	STEAP2	2929	0.29733067337652386	0.2971890113027488	0.19905777486379997	#E1E89C
HOXB13	PRAD	MSMB	1973	0.29289082385571186	0.2927310936680029	0.18775026570021836	#E1E89C
NKX3-1	PRAD	NEFH	3154	0.27987612127895073	0.2798521293226986	0.19875777668181746	#E1E89C
NKX3-1	PRAD	ALDH1A3	3456	0.2696438632571197	0.26962474191773156	0.2246529868787234	#E1E89C
MYF6	PRAD	TNNT1	37722	0.2609673215230038	0.1978960347674225	0.1668651921408663	#E1E89C
NWD1	PRAD	NKX3-1	6226	0.258782959260932	0.2142990416077478	0.13461902822467692	#E1E89C
FOXA1	PRAD	NKX3-1	1574	0.2560781603806833	0.25569731189005945	0.1382340756480028	#E1E89C
NWD1	PRAD	ACPP	7017	0.25231835884169657	0.20987738365114816	0.12296241497821664	#E1E89C
NKX3-1	PRAD	MYBPC1	2137	0.24989666017024076	0.24987550430952593	0.22975613438092005	#E1E89C
HOXB13	PRAD	MYBPC1	3622	0.2470359287630037	0.2468999880985691	0.19209714720754162	#E1E89C
HOXB13	PRAD	ALDH1A3	5161	0.24026280293143157	0.24015018026319823	0.1866284372189892	#E1E89C
SPDEF	PRAD	TRGC1	2999	0.23813552026416288	0.23812401899329785	0.11292601774395078	#E1E89C
SPDEF	PRAD	CREB3L4	307	0.2365005889150555	0.23648143969341007	0.2832974866554185	#E1E89C
SPDEF	PRAD	ACPP	3486	0.23549986272081638	0.2354851313384057	0.10341472501285247	#E1E89C
HOXB13	PRAD	NEFH	6136	0.2342821762960448	0.23416355785943704	0.16059411206407204	#E1E89C
NWD1	PRAD	FOLH1	8462	0.23097427460125916	0.19219385252512408	0.14351721759293215	#E1E89C
NKX3-1	PRAD	UPK3A	3718	0.23015707826386148	0.2301342985554787	0.21082104684030334	#E1E89C
ANKRD1	PRAD	TNNC1	2901	0.22626594976185804	0.1839351339350207	0.1892569543065614	#E1E89C
PPP3CA	PRAD	ACPP	3926	0.2262272262422435	0.22534191406396253	0.11013749532217931	#E1E89C
SPDEF	PRAD	SLC45A3	4509	0.22310793661695164	0.22309531160965704	0.1139675015818011	#E1E89C
SPDEF	PRAD	LRRC26	321	0.220270712277653	0.22025185013538778	0.25406343189306213	#E1E89C
PPP3CA	PRAD	NKX3-1	4007	0.21963577275030255	0.21878526112154936	0.12279246482981354	#E1E89C
NKX3-1	PRAD	SPON2	10305	0.21881825557365187	0.21880542774197131	0.19379456637119968	#E1E89C
NWD1	PRAD	TRGC1	9883	0.21675050247598585	0.17874699865541044	0.11206865712402907	#E1E89C
PPP3CA	PRAD	SLC45A3	4648	0.21560958666604985	0.21480876136040647	0.12602942173972742	#E1E89C
HOXA13	PRAD	HOXB13	4156	0.21467476339192448	0.18480261467838197	0.1452846429919809	#E1E89C
NKX3-1	PRAD	GNMT	3552	0.2138944151761453	0.21387490291517688	0.2252433279599169	#E1E89C
AR	PRAD	NKX3-1	7481	0.21285050026349062	0.19539286789653335	0.09817260704890399	#E1E89C
GATA2	PRAD	ACPP	10877	0.2105479233632277	0.2040899118106368	0.06663439258737874	#E1E89C
GATA2	PRAD	TRGC1	6999	0.20800792876426824	0.20214986376102728	0.0960978878005316	#E1E89C
SPDEF	PRAD	HOXB13	4342	0.20733953968071722	0.20732523789034757	0.12665130065597055	#E1E89C
NWD1	PRAD	SLC45A3	10505	0.2071220208379967	0.17138093133907367	0.12005616308693434	#E1E89C
MYOG	sarcoma	TNNC2	955	0.7290301812573002	0.6741381264161275	0.32153890895141907	#E31864
FOXI1	sarcoma	SLC4A1	8512	0.6569816018597376	0.6547833276142072	0.18420311914734977	#E31864
FOXI1	sarcoma	PVALB	4980	0.6365616356663842	0.6159151221919973	0.15632483574007397	#E31864
MYOD1	sarcoma	TNNC2	13092	0.504361709271114	0.4476120433484079	0.16917552424665944	#E31864
FOXI1	sarcoma	KLK1	25201	0.4910249778547996	0.4844015973982954	0.1348408094504624	#E31864
FOXI1	sarcoma	ATP6V1B1	3577	0.47929183329982494	0.4704300713020932	0.21596258947244226	#E31864
ZFP42	sarcoma	POU5F1	22643	0.46494658223530566	0.4505750154414188	0.14193825731285523	#E31864
FOXI1	sarcoma	RHCG	24265	0.4586867367107183	0.45856397940211346	0.1707253801954634	#E31864
NR5A1	sarcoma	CPB1	47628	0.4536724856280828	0.45227729663607824	0.20855980294091298	#E31864
MYOG	sarcoma	MYBPC1	4911	0.43904906873601335	0.3957902174560913	0.2951729738621181	#E31864
MYOG	sarcoma	MB	3776	0.4344603816160629	0.37933841808388763	0.268261490097941	#E31864
FOXI1	sarcoma	STAP1	48088	0.4317176006009755	0.43067016739219083	0.15968233522876926	#E31864
MYF6	sarcoma	TNNC2	2826	0.42443079888453544	0.36039157493738794	0.2172267914685779	#E31864
FOXH1	sarcoma	POU5F1	34905	0.4211446094296692	0.395526610278825	0.1325752501443847	#E31864
MYOG	sarcoma	TNNC1	1908	0.410699855330419	0.3692466269897444	0.2891990758584544	#E31864
MYF6	sarcoma	MYBPC1	8604	0.41063264290770923	0.37571882330490053	0.21709588200415608	#E31864
NR5A1	sarcoma	NPTX2	57495	0.3911148813047926	0.3886839220030891	0.16491487717758344	#E31864
FOXI1	sarcoma	ERP27	36663	0.3883094806466647	0.3854357341299095	0.12048629234612074	#E31864
PTGIS	sarcoma	ITLN1	16299	0.38208793558876786	0.3740270639937857	0.08443844776663065	#E31864
NR5A1	sarcoma	KCNK3	52119	0.3748686276919186	0.3723233282569125	0.16813474204219117	#E31864
NODAL	sarcoma	POU5F1	60808	0.361488383544552	0.33804328612153944	0.12258110424865801	#E31864
MYF6	sarcoma	TNNC1	2104	0.36001701561033606	0.3105662832129738	0.2367181110566774	#E31864
DMRT2	sarcoma	SLC4A1	14692	0.3577018547804504	0.35291873328669904	0.12368755828211359	#E31864
NR6A1	sarcoma	POU5F1	15155	0.35695984124020985	0.3294274491567277	0.1143421630247995	#E31864
TFCP2L1	sarcoma	SLC4A1	33388	0.3549478070909114	0.35147647438609686	0.07053124139001263	#E31864
ZNF676	sarcoma	POU5F1	37918	0.35484122814946273	0.3053550533016335	0.08301817124798692	#E31864
FOXI2	sarcoma	SLC4A1	56186	0.3539432609756116	0.32405081187943025	0.14105013968251073	#E31864
UNCX	sarcoma	PAX2	20415	0.35346422007752154	0.35065091001611504	0.21816254304143945	#E31864
DBX2	sarcoma	PLIN4	23835	0.34312744095383807	0.09599756045035401	0.028141962166796895	#E31864
MYOCD	sarcoma	SYNPO2	1455	0.3416083421724894	0.30185764718944424	0.2438080408631857	#E31864
MYOCD	sarcoma	MYLK	3072	0.33958421250231935	0.302241556271086	0.2321925100916297	#E31864
UNCX	sarcoma	SIX2	41919	0.3372172769859579	0.33540689359923176	0.1969536443799205	#E31864
MYOD1	sarcoma	MYBPC1	41799	0.33717561615191327	0.2746946595429835	0.12141367668379822	#E31864
SIM1	sarcoma	PVALB	11110	0.33552420212905454	0.26183326656304295	0.14118256858184208	#E31864
EMX1	sarcoma	SLC22A2	5162	0.33490302294015467	0.3283825436195791	0.14067856845105808	#E31864
MYF6	sarcoma	AMPD1	54156	0.32422113346240045	0.316250585326553	0.244729287381501	#E31864
BNC1	sarcoma	ITLN1	11544	0.3206838669258826	0.28564266617252165	0.07812727545309114	#E31864
MYF6	sarcoma	MB	3478	0.31737123978380416	0.2708655845025524	0.22252534452890313	#E31864
ZFP42	sarcoma	CLDN6	18103	0.3111156527895482	0.29602035553686534	0.16787748091738988	#E31864
FOXI2	sarcoma	PVALB	34278	0.3087246976081478	0.2829782151432749	0.1446267375986417	#E31864
TFCP2L1	sarcoma	ATP6V1B1	11215	0.3076035456508028	0.30263300871240295	0.12070558672625568	#E31864
MYRF	sarcoma	ITLN1	7721	0.3043452808421508	0.27111266408473794	0.08100440541047318	#E31864
MYOCD	sarcoma	SYNM	6969	0.30264936111032426	0.2737624375762012	0.19768467840410467	#E31864
MYOCD	sarcoma	ACTG2	802	0.29968613876911954	0.2567444149454697	0.2447413515870383	#E31864
DMRT2	sarcoma	STAP1	44595	0.29707772233922275	0.29418253526376736	0.12690196041227575	#E31864
BNC1	sarcoma	TGM1	1050	0.2962374835974395	0.275296590567192	0.21643534600426748	#E31864
MYOCD	sarcoma	CNN1	842	0.2946742455206328	0.2498331742709245	0.2406374984208654	#E31864
MYOCD	sarcoma	LMOD1	1763	0.29409221080195497	0.25319323380657904	0.2386881317289061	#E31864
FOXI1	sarcoma	STAC2	3224	0.2938012603161558	0.2677714005845537	0.182576030047012	#E31864
PAX7	sarcoma	TNNC2	44579	0.29339736982660286	0.20628885295955576	0.06139815676668551	#E31864
MYOG	squamous cell	TNNC2	955	0.5023364372117695	0.42236190992897943	0.32153890895141907	#FDC687
MYOG	squamous cell	TNNC1	1908	0.4537846482109944	0.3797011809945288	0.2891990758584544	#FDC687
MYOG	squamous cell	MB	3776	0.41913699257299486	0.3563345309005291	0.268261490097941	#FDC687
MYOG	squamous cell	MYBPC1	4911	0.41068277098928924	0.3519923886941235	0.2951729738621181	#FDC687
MYF6	squamous cell	TNNC1	2104	0.38406871948018184	0.3090163898631124	0.2367181110566774	#FDC687
MYF6	squamous cell	MB	3478	0.3678738800950274	0.3021796430740209	0.22252534452890313	#FDC687
MYF6	squamous cell	TNNC2	2826	0.3153295165494067	0.24599721676017267	0.2172267914685779	#FDC687
MYF6	squamous cell	MYBPC1	8604	0.3016488211159017	0.25655181651756515	0.21709588200415608	#FDC687
MYOG	squamous cell	HSPB7	32825	0.2602344693328908	0.22765827358559956	0.21715700916602126	#FDC687
ANKRD1	squamous cell	TNNC2	9290	0.25200725352181513	0.2228292324254193	0.12910079851578926	#FDC687
CERS3	squamous cell	KRTDAP	283	0.25183343696469723	0.22569566519351375	0.2617130113978167	#FDC687
MYOD1	squamous cell	TNNC2	13092	0.24422053923076775	0.10965440979658275	0.16917552424665944	#FDC687
ANKRD1	squamous cell	TNNC1	2901	0.24326453979607196	0.21041640123527894	0.1892569543065614	#FDC687
TP63	squamous cell	ADH7	427	0.24231774811003431	0.24093747491565887	0.20034541122376223	#FDC687
AGTR2	squamous cell	SFTPA2	1787	0.2360037497442863	0.11101603303796986	0.15020712177722473	#FDC687
MYF6	squamous cell	HSPB7	28869	0.23481675505262362	0.20348724218937386	0.1845243520470734	#FDC687
MYOD1	squamous cell	TNNC1	14587	0.2329699958855175	0.1011183425948278	0.14003689517301499	#FDC687
NKX2-1	squamous cell	SFTPA2	236	0.23211778172136177	0.1569714806893261	0.21340374206738796	#FDC687
GRHL3	squamous cell	TGM3	8748	0.22293420251596385	0.2134342075826195	0.11017327721792684	#FDC687
TBX4	squamous cell	SFTPA2	629	0.22187049403503098	0.10322967716841722	0.18579850585228655	#FDC687
FOXN1	squamous cell	TGM3	4755	0.21988315003825265	0.1839620260190817	0.1174651326590477	#FDC687
CERS3	squamous cell	TGM3	1413	0.21665864947059166	0.2007541739183523	0.19562658635632113	#FDC687
CERS3	squamous cell	CRCT1	363	0.21522786744911274	0.1945740940651473	0.25020010911815005	#FDC687
PAX3	squamous cell	S100B	6142	0.21328283210541873	0.1788023197671156	0.21009208029284038	#FDC687
SOST	squamous cell	CYP4F3	29832	0.21327640125448077	0.19612627214995576	0.18559564925797473	#FDC687
PAX3	squamous cell	SERPINE2	7277	0.21205245289833524	0.17721565397647665	0.22075349298787414	#FDC687
FOXN1	squamous cell	SPRR2G	2249	0.21203046873752	0.1670160562596075	0.1472079075401711	#FDC687
SOX21	squamous cell	ADH7	2819	0.21134561139018107	0.1735400140099696	0.14962743997214414	#FDC687
SOX2	squamous cell	ADH7	2875	0.2110000606457142	0.20338918865584235	0.13716979254469355	#FDC687
CERS3	squamous cell	KRT1	312	0.21080982741402687	0.18980171459813994	0.22151658124812987	#FDC687
MYOD1	squamous cell	MYBPC1	41799	0.21051829417758888	0.09834411715538295	0.12141367668379822	#FDC687
SFN	squamous cell	SPRR2G	332	0.20942248956739387	0.2093922724136504	0.1533180840361243	#FDC687
CERS3	squamous cell	SPRR2G	737	0.20519128541328782	0.18622647954124283	0.22643708366526746	#FDC687
SIX6	squamous cell	SIX1	53686	0.2051857935230415	0.0474457736185493	0.02589211176212554	#FDC687
TP63	squamous cell	CAPNS2	188	0.20508193645344952	0.20203523346839725	0.25704625051704894	#FDC687
PAX3	squamous cell	PLP1	4100	0.20377061558282233	0.17644677869548683	0.27054189044706306	#FDC687
CERS3	squamous cell	SPRR2C	1014	0.2036865523560674	0.18352980761632792	0.22574827039218406	#FDC687
NKX2-1	squamous cell	SFTPD	160	0.20134715229268763	0.13966353369740672	0.2620083405040876	#FDC687
FOXN1	squamous cell	KRT1	971	0.20110543531606942	0.16105177459716594	0.17449607492930125	#FDC687
FOXE1	squamous cell	ADH7	2476	0.20108505217139527	0.18873599119094758	0.14063471471116862	#FDC687
ANKRD1	squamous cell	MYBPC1	44697	0.20098478605324407	0.18749539857693606	0.11493853792606452	#FDC687
ANKRD1	squamous cell	MB	30456	0.19963084067467826	0.18388924442171578	0.11472984593534066	#FDC687
AGTR2	squamous cell	SFTPD	2803	0.19869062818940944	0.09699923531597603	0.1460932510328027	#FDC687
PAX3	squamous cell	GYG2	10367	0.1968331738163776	0.17320574078009787	0.20292883510176235	#FDC687
S100A12	squamous cell	SPRR2F	5813	0.19493014059036579	0.18227409202585543	0.11217570568795265	#FDC687
SOST	squamous cell	CYP4F11	42277	0.19417544662690084	0.17344102068465508	0.15384079629014616	#FDC687
RBFOX1	squamous cell	MYBPC1	29038	0.19262906956280612	0.072751709669135	0.05190685285121739	#FDC687
CERS3	squamous cell	SBSN	593	0.1921955526095367	0.17196526010546617	0.2602302392043135	#FDC687
TP63	squamous cell	CALML3	189	0.19122124159883747	0.18873770359623243	0.2755501080746199	#FDC687
DLX3	squamous cell	SPRR2G	23082	0.18891733963275303	0.15347343307968522	0.08868247342112552	#FDC687
FOXE1	THCA	TG	100	0.6231252735821194	0.6198953002449396	0.20914238865637402	#7FC97F
FOXE1	THCA	ENSG00000240237	268	0.5785349700411816	0.5756050585367942	0.17440855543881603	#7FC97F
FOXE1	THCA	TSHR	626	0.4279440275293513	0.4255563189362732	0.17457458883781157	#7FC97F
NKX2-1	THCA	TG	953	0.3867444591039945	0.38557847803276113	0.14237793567949458	#7FC97F
PAX8	THCA	TG	932	0.38662864682090164	0.38609021515639563	0.11407331184445034	#7FC97F
NR0B1	THCA	OSGIN1	27788	0.38408284300598433	0.37921455119940695	0.20127570624407037	#7FC97F
RXRG	THCA	ZCCHC12	2154	0.3750597106412861	0.3624974180588709	0.16285163143169223	#7FC97F
NKX2-1	THCA	TSHR	1264	0.36988064087438305	0.368800273041177	0.1593603826733562	#7FC97F
FOXE1	THCA	IYD	1200	0.36261675493125284	0.36104808654450066	0.15622013224764392	#7FC97F
NKX2-1	THCA	ENSG00000240237	1302	0.3595992874669617	0.3586396078879916	0.14423028697087303	#7FC97F
ZBED2	THCA	ENSG00000240237	1703	0.35112756573187004	0.34702868935211645	0.12980339209797898	#7FC97F
NR0B1	THCA	CYP4F11	41440	0.3437008018242069	0.339344356781415	0.14528303943473403	#7FC97F
NKX2-1	THCA	IYD	1300	0.3341465530135639	0.33308461446580695	0.17538815502443694	#7FC97F
HHEX	THCA	TG	1403	0.33123843528560015	0.32740207294775586	0.09150312621744837	#7FC97F
PAX8	THCA	ENSG00000240237	1652	0.3291264448655996	0.3287133182339748	0.10717918323180017	#7FC97F
PDX1	THCA	CDX2	4101	0.32008868270193613	0.30017057783557	0.21433113398417428	#7FC97F
NKX2-1	THCA	ATP13A4	389	0.31510292603977846	0.3141537663726099	0.28081470394062213	#7FC97F
NKX2-1	THCA	SLC22A31	77	0.30797450350863287	0.3071520567184134	0.32060455507999014	#7FC97F
HHEX	THCA	ENSG00000240237	1842	0.2996112044357375	0.2964240305100744	0.09697874811093345	#7FC97F
ZBED2	THCA	TG	2135	0.2989615071248377	0.29522283536658084	0.12297403492077412	#7FC97F
PAX8	THCA	TSHR	2202	0.2986588125273672	0.29820183569090886	0.11613867757981314	#7FC97F
RXRG	THCA	ARHGAP36	12539	0.2977932410923642	0.2853705878978778	0.1272331925412257	#7FC97F
ZBTB7C	THCA	TG	3702	0.2975516263911434	0.259248077835595	0.07206777993013412	#7FC97F
RXRG	THCA	CITED1	1668	0.29067745741788203	0.2828671739295515	0.22654065586219482	#7FC97F
PPAP2B	THCA	ENSG00000240237	1527	0.28004477985386617	0.27983872182901753	0.10144030133400771	#7FC97F
GPX3	THCA	ENSG00000240237	4225	0.2713413038140938	0.27133732691206436	0.07578164023670324	#7FC97F
FOXE1	THCA	ZBED2	869	0.2638821961463078	0.26232929726604254	0.21569005604851355	#7FC97F
FOXE1	THCA	ZCCHC12	6328	0.26300474208104907	0.2612991039572927	0.11642501307452263	#7FC97F
TBX3	THCA	TG	4515	0.25726758647519865	0.25151597987588253	0.07231391809490734	#7FC97F
FOXE1	THCA	DUOX2	1548	0.2527188108713931	0.25144964927048435	0.21245484998996017	#7FC97F
RPS6KA2	THCA	ZCCHC12	9333	0.24863648720560144	0.24100739619780293	0.0807338928385505	#7FC97F
ZBTB7C	THCA	ENSG00000240237	6291	0.2372526476539052	0.20733685741597818	0.06511999107085997	#7FC97F
HOPX	THCA	TG	5821	0.23717092604054985	0.2296223341493329	0.0660768960103131	#7FC97F
TBX3	THCA	ENSG00000240237	5943	0.2329976778407177	0.2277510704861339	0.06630275683029518	#7FC97F
HHEX	THCA	IYD	3071	0.2303208206813096	0.2279691280175695	0.09796663443515544	#7FC97F
NKX2-1	THCA	MUC15	2275	0.2297175108461679	0.228951008322151	0.21956864374962506	#7FC97F
CITED1	THCA	ZCCHC12	8296	0.22725148383464272	0.2246151275685403	0.11845711707671598	#7FC97F
PPAP2B	THCA	TG	2068	0.22624054002108057	0.22604495589700066	0.09418872928016861	#7FC97F
ZBED2	THCA	TSHR	3291	0.22515934838249196	0.22263443841638708	0.13946218819978795	#7FC97F
NKX2-1	THCA	C16orf89	325	0.22313732821003313	0.22241136052864505	0.29273959946993144	#7FC97F
CITED1	THCA	ARHGAP36	6600	0.22184124953283205	0.21825321312822377	0.12901605827413587	#7FC97F
MYF6	THCA	TNNC1	2104	0.2156782266049425	0.14108853115329528	0.2367181110566774	#7FC97F
PAX8	THCA	IYD	4399	0.21422044070523658	0.21389914202098262	0.10309437358232076	#7FC97F
PPAP2B	THCA	TSHR	3020	0.21379634719294438	0.21361560784406547	0.09823208726553674	#7FC97F
NKX2-1	THCA	ZBED2	4662	0.2134373314109554	0.2127635649924169	0.16049161235015957	#7FC97F
RPS6KA2	THCA	PCSK2	5619	0.20676145007668534	0.20041868170463709	0.10528227497632454	#7FC97F
HHEX	THCA	TSHR	4293	0.20652991065547674	0.20414015628896423	0.08012378895234232	#7FC97F
PKNOX2	THCA	COL9A3	9566	0.206525523358968	0.1602860797796777	0.09732293993409516	#7FC97F
FOXE1	THCA	DIO2	3603	0.2061428839800567	0.20531780636655547	0.17590796079228593	#7FC97F
GPX3	THCA	TG	4950	0.20570142991784854	0.2056991883358987	0.07730677235438728	#7FC97F
DLX6	UCEC	DLX5	59	0.42535628551064486	0.37646167836285244	0.33906966204459726	#EDBB99
FOXJ1	UCEC	C20orf85	563	0.351824319908763	0.3492837846021653	0.20442613134719903	#EDBB99
DLX5	UCEC	MSX1	2890	0.32908846114488016	0.32536996358389314	0.18386077517442723	#EDBB99
DLX6	UCEC	MSX1	3673	0.32382865104409747	0.29180214039245644	0.19139738929722264	#EDBB99
SOX17	UCEC	MSX1	964	0.302344319146428	0.30143348946074416	0.20658916342288475	#EDBB99
CTCFL	UCEC	CLDN6	9475	0.2912874025927522	0.16843272804485462	0.11159162860480701	#EDBB99
FOXN4	UCEC	C20orf85	4456	0.28900342048643596	0.18300581003095176	0.13547900003170812	#EDBB99
SOX14	UCEC	NOTUM	15321	0.2646845785130933	0.09936436980306014	0.08574789033557086	#EDBB99
EMX2	UCEC	EMX2OS	14	0.2587964374287605	0.2532102751489914	0.4014763423482851	#EDBB99
MEIS1	UCEC	WT1	2142	0.2579614627470842	0.2409474097897875	0.1472073737149054	#EDBB99
PGR	UCEC	MSX1	6433	0.25223191903414904	0.21916113415283786	0.13927809784855982	#EDBB99
SOX17	UCEC	SCGB2A1	473	0.24906403217559506	0.24831297137931432	0.247268973314201	#EDBB99
PAX8	UCEC	EMX2	73	0.24315570109276077	0.24049793104287176	0.272409086737704	#EDBB99
SP5	UCEC	NOTUM	1359	0.24252606330943965	0.22478151803705299	0.19539692523442448	#EDBB99
SOX17	UCEC	CCNA1	992	0.24191643069310154	0.24139115024088975	0.2634565851941485	#EDBB99
MSX1	UCEC	DLX5	4090	0.23261668761538778	0.2312905696988519	0.18881238762370156	#EDBB99
SOX17	UCEC	WT1	1477	0.2322447792972445	0.2312650016669579	0.1847065744431377	#EDBB99
ESR1	UCEC	SOX17	823	0.2318699199951019	0.21027205835821974	0.1615301163056249	#EDBB99
MSX2	UCEC	NOTUM	20891	0.22272740587839798	0.21399631897130872	0.10198764879691034	#EDBB99
PAX8	UCEC	SOX17	561	0.22192829833643157	0.21914784748912836	0.16205203967470003	#EDBB99
WT1	UCEC	KLK7	9366	0.21875188130881262	0.21553530765660633	0.18321475480609836	#EDBB99
ESR1	UCEC	MSX1	7831	0.2163615586232169	0.20736447616551834	0.10648870195851425	#EDBB99
SOX17	UCEC	EMX2	749	0.21239775260606705	0.21151440821166703	0.257930294853643	#EDBB99
SOX17	UCEC	C2orf88	2049	0.21211983472495025	0.2115225232872971	0.23585589503616106	#EDBB99
SOX17	UCEC	C20orf85	4656	0.21081140708099724	0.2105014320716506	0.16717028826642139	#EDBB99
WT1	UCEC	LYPD1	9960	0.2055551272701059	0.20316737488583836	0.1764121066040249	#EDBB99
SOX17	UCEC	DLX5	4111	0.2033794622594697	0.20269270820966448	0.15386087243327762	#EDBB99
PAX8	UCEC	C1orf186	217	0.20033590748869481	0.1976016327188461	0.2692828903219588	#EDBB99
WT1	UCEC	ENSG00000277644	12996	0.1989938924472542	0.1945084010022718	0.1363353506285151	#EDBB99
EMX2	UCEC	MSX1	2813	0.1988473218959728	0.19050068293629788	0.12861975732930717	#EDBB99
NWD1	UCEC	C20orf85	4286	0.1917800802030935	0.12047143038945361	0.10956087813573333	#EDBB99
SALL1	UCEC	MSX1	9029	0.19174151151218405	0.1605921078024797	0.07734197900368563	#EDBB99
WT1	UCEC	KLK8	10984	0.1899677044120728	0.18637677028715768	0.19003751694765497	#EDBB99
PGR	UCEC	C20orf85	19722	0.18990741329391464	0.16754268403532144	0.10896429042673936	#EDBB99
WT1	UCEC	NPR1	5750	0.18978777116670445	0.18603884481410218	0.19985854080312562	#EDBB99
SOX17	UCEC	CLDN6	2329	0.18858469325162958	0.18766467290109748	0.16416601054720795	#EDBB99
CDX2	UCEC	NOTUM	10294	0.1867063046781399	0.0992290069830165	0.0872765019008437	#EDBB99
WT1	UCEC	UPK3B	5681	0.18647019445735075	0.18250442936390518	0.1543836576561121	#EDBB99
EMX1	UCEC	PAX2	16711	0.1844378672771297	0.15063461697391717	0.14798258875505788	#EDBB99
ESR1	UCEC	SCGB2A1	1288	0.182693843698924	0.1695927650709473	0.18317653400832207	#EDBB99
HOXB6	UCEC	HOXB5	25	0.18129848810525606	0.16281829128297698	0.35996589836399984	#EDBB99
WT1	UCEC	ATP6V1B1	13999	0.17820099885640348	0.17515648855702154	0.14693411536186082	#EDBB99
WT1	UCEC	KCNK15	18532	0.17734623278868497	0.17483671773117765	0.14310817768534692	#EDBB99
HOXB5	UCEC	HOXB8	179	0.17627676896175948	0.16050153168725434	0.29018183341104586	#EDBB99
WT1	UCEC	PNOC	26838	0.1748322271209796	0.17220985355321655	0.1334076350787114	#EDBB99
SOX17	UCEC	ASRGL1	1905	0.1743320836844802	0.17390581153358398	0.24509383233126245	#EDBB99
FOXJ1	UCEC	TPPP3	15090	0.17348884589934127	0.17298353884712145	0.1739879019025472	#EDBB99
FANK1	UCEC	C20orf85	7643	0.17250115577067027	0.13686788232853395	0.10823292898417164	#EDBB99
HOXB6	UCEC	HOXB8	103	0.17179921109549692	0.15697327344976342	0.3160284493177178	#EDBB99
HOXB5	UCEC	HOXB6	57	0.17171117879011535	0.15578846069852562	0.34801785418286907	#EDBB99
