regulator	target	importance	effect	i	name
ZFY	RPS4Y1	0.3974067779743894	0.4243439385369298	1	ZFY->RPS4Y1
ZFY	KDM5D	0.3660320812054103	0.433696500262915	2	ZFY->KDM5D
KDM5D	EIF1AY	0.34027212135893786	0.4241708670977012	3	KDM5D->EIF1AY
ZFY	EIF1AY	0.3358409435750445	0.4175926069747474	4	ZFY->EIF1AY
KDM5D	RPS4Y1	0.3333652810098713	0.39402895587955394	5	KDM5D->RPS4Y1
ZFY	DDX3Y	0.32354092731746503	0.4148117178318645	6	ZFY->DDX3Y
KDM5D	DDX3Y	0.3175933139619723	0.41754435746976054	7	KDM5D->DDX3Y
KDM5D	TXLNGY	0.2838596753584441	0.42884090911588196	8	KDM5D->TXLNGY
KDM5D	XIST	0.27101376241653446	-0.3431851616064561	9	KDM5D->XIST
ZFY	TXLNGY	0.25506147423053394	0.3953036418604779	10	ZFY->TXLNGY
ZFY	XIST	0.24426607400448846	-0.32843383770080664	11	ZFY->XIST
ANKRD30A	ATP8A2P1	0.2169199586415673	0.41459720613074447	12	ANKRD30A->ATP8A2P1
ZNF460	ENSG00000278771	0.21175268330190233	0.2805965592222096	13	ZNF460->ENSG00000278771
ANKRD30A	LINC00993	0.20734204940164536	0.4020803863905657	14	ANKRD30A->LINC00993
ANKRD30A	ENSG00000234918	0.20524875279069174	0.4130151207488385	15	ANKRD30A->ENSG00000234918
EMX2	EMX2OS	0.20271996783031745	0.4014763423482851	16	EMX2->EMX2OS
ZNF460	RN7SL396P	0.20188937730089318	0.2849013603927179	17	ZNF460->RN7SL396P
ZNF460	RN7SL5P	0.19559259094365872	0.2848957035964884	18	ZNF460->RN7SL5P
GRHL2	ENSG00000274173	0.19396761562345438	0.3496025085591668	19	GRHL2->ENSG00000274173
ZNF460	SCARNA10	0.19333248873519876	0.3101667559259989	20	ZNF460->SCARNA10
GRHL2	RAB25	0.18719387970571008	0.3751217741904168	21	GRHL2->RAB25
ZNF460	HIST1H4B	0.18514088849311938	0.29251731693093513	22	ZNF460->HIST1H4B
FOXA2	LINC00261	0.1850070684262654	0.3531293690500749	23	FOXA2->LINC00261
ZNF667	ZNF667-AS1	0.18315281228154007	0.35493069655957116	24	ZNF667->ZNF667-AS1
ZNF460	RN7SL752P	0.1830980546039535	0.27904359685737873	25	ZNF460->RN7SL752P
ZNF460	SCARNA5	0.18295039447756	0.29684103873680096	26	ZNF460->SCARNA5
GRHL2	ENSG00000257084	0.1784456691976268	0.3408202923620519	27	GRHL2->ENSG00000257084
ZNF460	ENSG00000252213	0.1783927491857205	0.2677803255826737	28	ZNF460->ENSG00000252213
HOXB6	HOXB5	0.1765671954036855	0.35996589836399984	29	HOXB6->HOXB5
ZNF460	HIST1H4A	0.17507793997152143	0.2899740764676016	30	ZNF460->HIST1H4A
HOXD1	HAGLR	0.17501174190284033	0.3103946771967285	31	HOXD1->HAGLR
GRHL2	OVOL2	0.1712177882771215	0.36737798136514094	32	GRHL2->OVOL2
ZNF460	SNORA71D	0.16808567968917537	0.2689346028056079	33	ZNF460->SNORA71D
ZNF460	RN7SL2	0.1665820837702749	0.2875566848801917	34	ZNF460->RN7SL2
ZNF460	SNORA23	0.16398491095495885	0.27499401888064817	35	ZNF460->SNORA23
ZNF460	RNY1	0.16342743194437448	0.25512352690341145	36	ZNF460->RNY1
ZNF460	SCARNA13	0.16231329254124793	0.27844159128763757	37	ZNF460->SCARNA13
ZNF460	SNORA84	0.16146078428595584	0.2553227698852275	38	ZNF460->SNORA84
HOXB5	HOXB-AS3	0.16023701152595848	0.3479946956064663	39	HOXB5->HOXB-AS3
ZNF460	HIST1H4D	0.15949686208810857	0.2675301787967707	40	ZNF460->HIST1H4D
HNF4A	CDHR5	0.15754398875977607	0.37059724570230473	41	HNF4A->CDHR5
ZNF460	HIST1H1B	0.1571642601859829	0.26228591684141805	42	ZNF460->HIST1H1B
ZNF460	HIST1H3I	0.1571085550180375	0.2703037394772346	43	ZNF460->HIST1H3I
HOXB6	HOXB-AS3	0.15399685238890806	0.33740383556987785	44	HOXB6->HOXB-AS3
ZNF460	ENSG00000222489	0.1527314245538116	0.2566975453626716	45	ZNF460->ENSG00000222489
GRHL2	AP1M2	0.15257669768107487	0.34955740382634326	46	GRHL2->AP1M2
ZNF460	HIST1H2BI	0.15237202376671685	0.2672740964832981	47	ZNF460->HIST1H2BI
ZNF460	SNORA80A	0.1514898255119142	0.2509808231919564	48	ZNF460->SNORA80A
ZNF460	HIST1H2BL	0.15137823226488645	0.25500816920253866	49	ZNF460->HIST1H2BL
GRHL2	ESRP1	0.15074334913730694	0.3503086021845434	50	GRHL2->ESRP1
ZNF460	RN7SL674P	0.149619461582447	0.25904099524361957	51	ZNF460->RN7SL674P
GRHL2	TMEM30B	0.14949452339659405	0.32589986168541796	52	GRHL2->TMEM30B
NKX3-1	RPL7P16	0.14874821698048035	0.28161660951396766	53	NKX3-1->RPL7P16
ZNF460	SCARNA6	0.14734392632541418	0.2571643754219067	54	ZNF460->SCARNA6
ZNF460	SCARNA12	0.14676848568877324	0.26410243184280396	55	ZNF460->SCARNA12
IRX5	CRNDE	0.14643820629246068	0.2832418866165359	56	IRX5->CRNDE
ZNF460	HIST1H3F	0.14640877691670087	0.24719276162426432	57	ZNF460->HIST1H3F
ZNF460	HIST1H3B	0.1462587207385927	0.2562752111428926	58	ZNF460->HIST1H3B
ZNF460	HIST1H2AB	0.14539446043977258	0.25613607018001544	59	ZNF460->HIST1H2AB
ZNF124	RN7SL752P	0.14533510720173753	0.24469847629600552	60	ZNF124->RN7SL752P
ZNF460	SNORA73B	0.1445020054682343	0.26133488631222657	61	ZNF460->SNORA73B
POU5F1	PSORS1C3	0.1442680283229407	0.29295167859935034	62	POU5F1->PSORS1C3
GRHL2	PROM2	0.14420437902007294	0.3381353086279983	63	GRHL2->PROM2
HNF4A	SLC39A5	0.14342032078878747	0.34703522569047923	64	HNF4A->SLC39A5
HOXB5	HOXB6	0.1430804230857153	0.34801785418286907	65	HOXB5->HOXB6
HOXA9	HOXA10	0.14271149785704554	0.3329649820348637	66	HOXA9->HOXA10
DLX6	DLX5	0.14220809460702966	0.33906966204459726	67	DLX6->DLX5
ZNF460	RN7SL128P	0.14142988804520518	0.2679300718200721	68	ZNF460->RN7SL128P
ZNF460	SNORA53	0.14041890221003922	0.27582058858083863	69	ZNF460->SNORA53
ZNF124	RN7SL396P	0.13956989718531795	0.23342391079410355	70	ZNF124->RN7SL396P
ZNF460	HIST2H2AB	0.13887141321520322	0.27741782468640785	71	ZNF460->HIST2H2AB
HOXA10	HOXA9	0.13874072333428258	0.32053336540722904	72	HOXA10->HOXA9
GRHL2	CNKSR1	0.1381374048353601	0.31692346100437724	73	GRHL2->CNKSR1
ZNF460	RN7SL4P	0.13805186549344972	0.25908655997275043	74	ZNF460->RN7SL4P
ZNF460	HIST1H3A	0.13791493682940242	0.27644050204324655	75	ZNF460->HIST1H3A
MITF	MLANA	0.1375504982984768	0.19490953604996658	76	MITF->MLANA
ZNF460	SNORA12	0.13710063457692553	0.28166886134979063	77	ZNF460->SNORA12
ZNF460	RN7SKP48	0.13664330521870244	0.2637254294887977	78	ZNF460->RN7SKP48
ZNF460	SNORA7B	0.13565711443501277	0.25473606110119607	79	ZNF460->SNORA7B
ZNF460	SCARNA21	0.13542905579364553	0.27186331756122195	80	ZNF460->SCARNA21
HNF4A	TRIM15	0.13467124852374246	0.3327966093222134	81	HNF4A->TRIM15
ZNF460	HIST1H2AL	0.13441671982323425	0.2473274382264135	82	ZNF460->HIST1H2AL
NKX2-1	NAPSA	0.1342318041686864	0.27357550435158134	83	NKX2-1->NAPSA
PAX8	EMX2	0.13387405143246814	0.272409086737704	84	PAX8->EMX2
ZNF460	HIST1H3C	0.13367746855784315	0.2571415067771109	85	ZNF460->HIST1H3C
HNF4A	CREB3L3	0.13316072197479847	0.27039643365674365	86	HNF4A->CREB3L3
ZNF124	ENSG00000252213	0.13300721965979517	0.23303861449367544	87	ZNF124->ENSG00000252213
NKX2-1	SLC22A31	0.13261803479325107	0.32060455507999014	88	NKX2-1->SLC22A31
GRHL2	PRRG2	0.132520240768487	0.3056161771028566	89	GRHL2->PRRG2
S100A8	S100A9	0.1320956712229951	0.3464506573152936	90	S100A8->S100A9
HSPA1A	HSPA1B	0.13205280992501553	0.2855382925452472	91	HSPA1A->HSPA1B
ZNF460	RNU4-1	0.13189433831889522	0.25663050303601675	92	ZNF460->RNU4-1
HOXC8	HOXC9	0.13186001226688399	0.30832799749175127	93	HOXC8->HOXC9
GRHL2	EPN3	0.13173615848799305	0.32200830952816456	94	GRHL2->EPN3
HNF4A	CLRN3	0.13163701911268952	0.3245446073374166	95	HNF4A->CLRN3
ZNF460	HIST2H3D	0.13162698766019168	0.25365627275551234	96	ZNF460->HIST2H3D
ZNF460	SNORA34	0.13130159684110504	0.26054618209950287	97	ZNF460->SNORA34
HNF4A	CDHR2	0.13010452533699052	0.30522804661118536	98	HNF4A->CDHR2
ZNF460	RN7SK	0.1298430911848018	0.2754437960768255	99	ZNF460->RN7SK
NKX3-1	TRGC1	0.12802058028868593	0.2888559564121937	100	NKX3-1->TRGC1
HOXB8	HOXB9	0.12784342004948004	0.32320408615235996	101	HOXB8->HOXB9
S100A9	S100A8	0.12777730626410594	0.3420927347275172	102	S100A9->S100A8
ZNF460	HIST1H2AH	0.12736865041046863	0.25049193349965115	103	ZNF460->HIST1H2AH
HNF4A	USH1C	0.12728519864957696	0.31633503988243133	104	HNF4A->USH1C
ZNF460	HIST1H4C	0.12694745100690094	0.2715799586989767	105	ZNF460->HIST1H4C
PAX3	TYR	0.12671943024328397	0.27789033588714496	106	PAX3->TYR
GRHL2	KDF1	0.1261891233286775	0.31572689539095605	107	GRHL2->KDF1
OVOL2	RAB25	0.1261497208656656	0.31610441988299437	108	OVOL2->RAB25
HOXB3	HOXB2	0.12609380394588643	0.29281557900569477	109	HOXB3->HOXB2
GRHL2	IRF6	0.12570809147240486	0.3116414928437906	110	GRHL2->IRF6
ZNF460	SNORA54	0.1256318861375485	0.2661841824059662	111	ZNF460->SNORA54
ZNF460	SNORA37	0.12556330226718773	0.27201125578675445	112	ZNF460->SNORA37
FOXE1	TG	0.12481225990571015	0.20914238865637402	113	FOXE1->TG
ZNF460	HIST1H2BE	0.12370100901243251	0.24894745053626655	114	ZNF460->HIST1H2BE
GRHL2	PRSS8	0.12354341597492985	0.3224790857534135	115	GRHL2->PRSS8
HOXB6	HOXB8	0.12295955265291185	0.3160284493177178	116	HOXB6->HOXB8
HOXA11	HOXA10	0.12288689063993509	0.31525987942137773	117	HOXA11->HOXA10
ZNF124	RN7SL674P	0.12213346040953119	0.22443669942307684	118	ZNF124->RN7SL674P
IRX3	IRX5	0.1221054380321462	0.31018124084755316	119	IRX3->IRX5
ZNF460	RNVU1-7	0.12147638892411255	0.2500600172119044	120	ZNF460->RNVU1-7
HOXC9	HOXC10	0.12143615730573612	0.3091770540844298	121	HOXC9->HOXC10
ZNF460	HIST1H1E	0.12126326051595127	0.28101983377935097	122	ZNF460->HIST1H1E
HOXB13	RPL7P16	0.12084322605643091	0.2262551649361162	123	HOXB13->RPL7P16
MITF	TYR	0.12080410849738259	0.1832214162782749	124	MITF->TYR
ZNF460	SNORD17	0.12034225535806274	0.2485555943897453	125	ZNF460->SNORD17
GRHL2	TMC4	0.12023658813499638	0.2982425580425407	126	GRHL2->TMC4
CDX2	CDX1	0.12021621370372822	0.3171253570533027	127	CDX2->CDX1
ZNF460	ENSG00000270722	0.12018489441383957	0.23291976670944356	128	ZNF460->ENSG00000270722
PHOX2B	TH	0.11983818046114353	0.29390419209745	129	PHOX2B->TH
ZNF460	HIST1H3J	0.1196893974282554	0.2190025497918338	130	ZNF460->HIST1H3J
ZNF460	HIST1H2AJ	0.11948000092251605	0.23936373455170853	131	ZNF460->HIST1H2AJ
HOXA10	HOXA11	0.11945620180934347	0.2914703019624354	132	HOXA10->HOXA11
GRHL2	EHF	0.11929275117025612	0.31608068251871546	133	GRHL2->EHF
HNF4A	PRAP1	0.11877170533960879	0.30547563169808784	134	HNF4A->PRAP1
TP63	MIR205HG	0.11798856373023585	0.31235675895172965	135	TP63->MIR205HG
ZNF460	HIST1H2BM	0.11785881177258381	0.24630017069218338	136	ZNF460->HIST1H2BM
HOXC10	HOXC9	0.11770578420104225	0.31575740019644477	137	HOXC10->HOXC9
PAX3	MLANA	0.11736558206771996	0.27187668738621545	138	PAX3->MLANA
ELF3	ENSG00000275234	0.11722306519745433	0.26898454196561733	139	ELF3->ENSG00000275234
PAX8	KLHL14	0.11673515355969194	0.31906021795754924	140	PAX8->KLHL14
ZNF460	HIST1H4E	0.11591075379609392	0.2610617051372514	141	ZNF460->HIST1H4E
HOXC6	HOXC9	0.1157847861386998	0.30047115797625945	142	HOXC6->HOXC9
HNF4A	VIL1	0.1156767798327026	0.31737953159855675	143	HNF4A->VIL1
ZNF124	SCARNA10	0.11565205558033757	0.24319641725799596	144	ZNF124->SCARNA10
ZNF460	SNORD15B	0.11539328114060719	0.24588987443019317	145	ZNF460->SNORD15B
KLF1	AHSP	0.115377682884965	0.3095322476255879	146	KLF1->AHSP
ZNF460	SNORA38B	0.11508524714621492	0.23340711565095248	147	ZNF460->SNORA38B
HNF4A	TM4SF4	0.1149950770780784	0.21296863194154106	148	HNF4A->TM4SF4
GRHL2	ENSG00000261183	0.11494658235182428	0.2833387811106419	149	GRHL2->ENSG00000261183
HOXB6	HOXB3	0.1146286579491555	0.2978736793287846	150	HOXB6->HOXB3
MITF	PMEL	0.11433873812582718	0.18892471983205522	151	MITF->PMEL
SPDEF	ZG16B	0.11432986650507194	0.2550054106407075	152	SPDEF->ZG16B
HOXB9	HOXB8	0.11366677530781684	0.32120884466623095	153	HOXB9->HOXB8
GRHL2	PKP3	0.11354723870409454	0.3184134432403823	154	GRHL2->PKP3
NKX3-1	ACPP	0.1134494889531331	0.25337560585248975	155	NKX3-1->ACPP
APOE	APOC1	0.11296847887160937	0.3219313977011941	156	APOE->APOC1
PAX8	ENSG00000262198	0.11284477574393102	0.23702997924816055	157	PAX8->ENSG00000262198
PHOX2B	DBH	0.1128270329522202	0.2933693628518022	158	PHOX2B->DBH
HOXB5	HOXB3	0.11282164182376452	0.29866673126628024	159	HOXB5->HOXB3
ZNF460	MT-ND2	0.11261338147250503	-0.23636588568122813	160	ZNF460->MT-ND2
ZNF460	MT-ATP8	0.11241247108714623	-0.2536871055037809	161	ZNF460->MT-ATP8
ZNF460	SNORD116-19	0.11189421238660918	0.2592384080615593	162	ZNF460->SNORD116-19
ZNF124	HIST1H4B	0.11184571863285615	0.2339808806006452	163	ZNF124->HIST1H4B
HNF4A	LGALS4	0.11171928498701456	0.28064462684180164	164	HNF4A->LGALS4
ZNF460	SNORA38	0.11157416344324941	0.2435018724563712	165	ZNF460->SNORA38
OVOL2	KDF1	0.11130410546510226	0.30477681125441297	166	OVOL2->KDF1
GRHL2	C1orf210	0.11112021776067077	0.2908082139827683	167	GRHL2->C1orf210
ZNF124	ENSG00000278771	0.11109682000045366	0.20784392545770053	168	ZNF124->ENSG00000278771
CDX1	SLC26A3	0.11100216862060262	0.26654790015297847	169	CDX1->SLC26A3
HNF1B	SMIM6	0.11094342771226759	0.2861765227496464	170	HNF1B->SMIM6
HOXA6	HOXA5	0.11077621102191022	0.2824758463547209	171	HOXA6->HOXA5
HOXB8	HOXB5	0.11073532083007001	0.30390948055312944	172	HOXB8->HOXB5
ZNF460	SNORA20	0.11070358388339578	0.24580775836914265	173	ZNF460->SNORA20
ARRB1	ENSG00000279117	0.1106466262345461	0.30486428380969477	174	ARRB1->ENSG00000279117
HNF4A	CYP3A5	0.10982399172518047	0.2847253658742293	175	HNF4A->CYP3A5
ZNF124	RN7SL5P	0.10977128916795766	0.21819176712136862	176	ZNF124->RN7SL5P
OVOL2	GRHL2	0.10977001616990967	0.2920829196089549	177	OVOL2->GRHL2
OVOL2	ENSG00000257084	0.10942513119064219	0.2687095992189151	178	OVOL2->ENSG00000257084
ZNF460	SCARNA7	0.10920302025991326	0.2560431997937017	179	ZNF460->SCARNA7
NKX2-1	SFTPD	0.10858965980630533	0.2620083405040876	180	NKX2-1->SFTPD
CDX1	MUC2	0.10844169121126651	0.26663164248309257	181	CDX1->MUC2
ZNF460	SNORA71A	0.10814124122410411	0.23693854831520658	182	ZNF460->SNORA71A
ZNF460	RNU6ATAC	0.10789986787698018	0.23130018903251065	183	ZNF460->RNU6ATAC
ZNF460	HIST1H2AM	0.10786832560083161	0.24341818659901782	184	ZNF460->HIST1H2AM
ZNF460	SCARNA22	0.10760079506663033	0.2416669118934629	185	ZNF460->SCARNA22
HOXB8	HOXB6	0.10757079922948562	0.3074328887971951	186	HOXB8->HOXB6
ZNF124	SNORA23	0.10742098459274621	0.22688696333136554	187	ZNF124->SNORA23
ZNF124	SNORA80A	0.1072998005412199	0.21426241450550404	188	ZNF124->SNORA80A
GRHL2	FAM83H-AS1	0.10712073788656526	0.3127555561109544	189	GRHL2->FAM83H-AS1
OVOL2	CNKSR1	0.1071131751680319	0.2747808989781423	190	OVOL2->CNKSR1
OVOL2	ESRP1	0.10697156842107816	0.29848132092243135	191	OVOL2->ESRP1
HNF4A	PLA2G12B	0.10675536168109093	0.2609940628325524	192	HNF4A->PLA2G12B
ZNF124	HIST1H3F	0.10674690499032748	0.22129536502756664	193	ZNF124->HIST1H3F
KLF1	CA1	0.10672437629858175	0.32478607102007323	194	KLF1->CA1
ZNF460	RNU4-2	0.10625723132558203	0.23732600359462339	195	ZNF460->RNU4-2
HOXB9	ENSG00000272763	0.10624761932473471	0.28700978476721917	196	HOXB9->ENSG00000272763
HOXB4	HOXB3	0.10584114205660974	0.309923481692598	197	HOXB4->HOXB3
GRHL2	EPCAM	0.10530309029267848	0.2845764699534953	198	GRHL2->EPCAM
PAX8	LINC00958	0.1039664665317528	0.309564428896147	199	PAX8->LINC00958
HOXB5	HOXB8	0.10382837594561856	0.29018183341104586	200	HOXB5->HOXB8
HNF4A	DDC	0.10367147584892535	0.3202570681101976	201	HNF4A->DDC
OVOL2	BSPRY	0.103588766892529	0.25620770228499035	202	OVOL2->BSPRY
HNF4A	ALDOB	0.10357124744936036	0.27795173189392564	203	HNF4A->ALDOB
ZNF460	HIST1H3G	0.103470492756488	0.20750014587806986	204	ZNF460->HIST1H3G
HOXA3	HOXA5	0.1028910153469071	0.2650590394099468	205	HOXA3->HOXA5
GRHL2	CCDC64B	0.10277387726917724	0.30316065366398165	206	GRHL2->CCDC64B
ZNF124	SCARNA5	0.10268918748938419	0.22658077551810835	207	ZNF124->SCARNA5
ELF3	CRB3	0.10263576300405323	0.2738285786019106	208	ELF3->CRB3
HOXB6	HOXB7	0.10210057045478887	0.2831702558977341	209	HOXB6->HOXB7
TP63	CAPNS2	0.10209669415887207	0.25704625051704894	210	TP63->CAPNS2
TP63	CALML3	0.10205833809516418	0.2755501080746199	211	TP63->CALML3
ZNF124	RNY1	0.10194103417712387	0.20136519542978112	212	ZNF124->RNY1
ZNF460	SNORA47	0.10187643245608458	0.22293213181852972	213	ZNF460->SNORA47
SCRT1	CPLX2	0.10178457089480773	0.2933914542774674	214	SCRT1->CPLX2
GRHL2	CDS1	0.10125606100665592	0.2825832017634855	215	GRHL2->CDS1
HSPA1B	HSPA1A	0.10100634726382782	0.27651773844636446	216	HSPA1B->HSPA1A
SPDEF	KIAA1324	0.10100512042331788	0.2847137341260959	217	SPDEF->KIAA1324
PAX8	EMX2OS	0.10095724443115396	0.24780201060154156	218	PAX8->EMX2OS
S100A8	S100A7	0.10095034609722735	0.233919571091898	219	S100A8->S100A7
NR1H4	ACMSD	0.10083756051418052	0.2786585022561261	220	NR1H4->ACMSD
IRX5	IRX3	0.10083361023433564	0.2946347120331963	221	IRX5->IRX3
PAX8	NUS1P2	0.10068569765958242	0.22771007102555454	222	PAX8->NUS1P2
HOXB2	HOXB3	0.10042786606544173	0.3039893928406067	223	HOXB2->HOXB3
PAX5	VPREB3	0.1004044556737127	0.2722821618338736	224	PAX5->VPREB3
GRHL2	BSPRY	0.10036991754113846	0.2501725342410209	225	GRHL2->BSPRY
GRHL2	PRSS22	0.10031173054255439	0.3117492153646382	226	GRHL2->PRSS22
ZNF460	MT-ND4	0.10021589921590107	-0.2282804138802061	227	ZNF460->MT-ND4
HNF4A	SLC2A2	0.10015494036474915	0.21389349012100334	228	HNF4A->SLC2A2
NKX3-1	SLC45A3	0.10011221141510454	0.2563079463520535	229	NKX3-1->SLC45A3
HNF4A	FOXA3	0.09971040053500976	0.2493202148969871	230	HNF4A->FOXA3
CIITA	HLA-DMA	0.09950710008186901	0.2866663326167386	231	CIITA->HLA-DMA
FOSB	FOS	0.09938985363357532	0.2940755813228468	232	FOSB->FOS
POU5F2	RN7SL396P	0.09935488934497017	0.22699378796522385	233	POU5F2->RN7SL396P
PAX3	PMEL	0.0991153236879238	0.26402818746432666	234	PAX3->PMEL
HOXC11	HOXC10	0.0988039853597467	0.2767588196333819	235	HOXC11->HOXC10
SOX2	SOX21	0.0983597861444634	0.2771867350910338	236	SOX2->SOX21
ZNF460	HIST1H2BO	0.09832492289356892	0.22265218000956302	237	ZNF460->HIST1H2BO
GRHL2	S100A14	0.09827116993050429	0.2710575786212579	238	GRHL2->S100A14
GRHL2	KRTCAP3	0.09779956849301778	0.25889395593228887	239	GRHL2->KRTCAP3
CDX2	SLC26A3	0.09770479867250771	0.2484597992711234	240	CDX2->SLC26A3
ZNF124	SNORA71D	0.09770215282966836	0.19884960271623564	241	ZNF124->SNORA71D
GRHL2	ESRP2	0.09767280042278864	0.2948669837170963	242	GRHL2->ESRP2
PAX8	C1orf186	0.09760764844118448	0.2692828903219588	243	PAX8->C1orf186
HOXB13	NKX3-1	0.09753940534531592	0.2217919246825963	244	HOXB13->NKX3-1
HOXB4	HOXB2	0.09753261055395292	0.28069233312240155	245	HOXB4->HOXB2
HOXD8	LINC01116	0.09746450453074984	0.27661901811287176	246	HOXD8->LINC01116
OVOL2	PRRG2	0.09741355120800221	0.2636625631233698	247	OVOL2->PRRG2
GRHL2	SPINT2	0.09734445914576263	0.2598373096012107	248	GRHL2->SPINT2
HOXB3	HOXB-AS3	0.0973313140595125	0.2699764397131407	249	HOXB3->HOXB-AS3
SIX4	SIX1	0.09720945665461891	0.2754076541458034	250	SIX4->SIX1
HOXB6	HOXB9	0.09704593887128223	0.2815293012335522	251	HOXB6->HOXB9
CDX1	CDX2	0.09698438016425351	0.28860388526380326	252	CDX1->CDX2
HNF1A	SMIM6	0.09693613360798337	0.23075675224771144	253	HNF1A->SMIM6
ZNF460	SNORA80B	0.09688319505063993	0.2315192959079614	254	ZNF460->SNORA80B
HMGA2	IGF2BP2	0.0964279275845926	0.2557071148819702	255	HMGA2->IGF2BP2
SPDEF	C9orf152	0.09630846041170324	0.3128155347092413	256	SPDEF->C9orf152
S100A8	S100A12	0.09629928802036501	0.31643794100687506	257	S100A8->S100A12
ZNF460	HIST2H2AC	0.09606781624532465	0.24839465127526614	258	ZNF460->HIST2H2AC
PAX8	PAX2	0.09602887167695454	0.20900106793454162	259	PAX8->PAX2
HOXB7	HOXB8	0.0959151620448855	0.2614094375088739	260	HOXB7->HOXB8
OVOL2	ENSG00000274173	0.09579935500582988	0.2525365350207361	261	OVOL2->ENSG00000274173
ZNF124	RN7SL2	0.09559142143796183	0.22298975151851422	262	ZNF124->RN7SL2
OVOL2	SPINT2	0.09554198455123622	0.2501665987477627	263	OVOL2->SPINT2
NKX2-1	SFTPA2	0.09543091211160856	0.21340374206738796	264	NKX2-1->SFTPA2
HOXC8	HOXC10	0.09524906655101428	0.2586894477842088	265	HOXC8->HOXC10
GRHL2	GALNT3	0.0952044607338932	0.25751604254669974	266	GRHL2->GALNT3
POU5F2	ENSG00000252213	0.09477975710906153	0.2303906383963703	267	POU5F2->ENSG00000252213
ZNF460	SNORA22	0.09459231916031961	0.22084714201123123	268	ZNF460->SNORA22
AGT	TF	0.09455526151052349	0.20355562172181024	269	AGT->TF
GRHL2	CDH1	0.09447831490234758	0.2847510706865638	270	GRHL2->CDH1
ZNF460	MIR3609	0.0944364461542415	0.2554587391588103	271	ZNF460->MIR3609
KLF1	ALAS2	0.09433673574260716	0.2992244090118864	272	KLF1->ALAS2
NR1H4	ACSM2A	0.09414407399157666	0.2534290609320996	273	NR1H4->ACSM2A
HOXB13	TRGC1	0.09413569585955918	0.22144157807271606	274	HOXB13->TRGC1
HOXB13	ACPP	0.09411625822677096	0.21209215962929084	275	HOXB13->ACPP
ZNF460	MT-ATP6	0.09409483655167891	-0.22081609911884673	276	ZNF460->MT-ATP6
GRHL2	PVRL4	0.0939298949862434	0.29028595262214074	277	GRHL2->PVRL4
HOXA7	HOXA9	0.09389168318347814	0.267300400954128	278	HOXA7->HOXA9
HNF4A	AGMAT	0.0938872778388524	0.2870774938920801	279	HNF4A->AGMAT
ZNF124	SNORA84	0.09388285728477087	0.19759850146946675	280	ZNF124->SNORA84
HNF1A	VIL1	0.09383355659803361	0.2837205679055977	281	HNF1A->VIL1
HNF4A	FGFR4	0.09361794023215404	0.27362020138515347	282	HNF4A->FGFR4
GRHL2	TMEM125	0.09355021221801534	0.26321544784372514	283	GRHL2->TMEM125
S100A12	S100A8	0.09338698156889155	0.2964054693756926	284	S100A12->S100A8
POU5F2	RN7SL5P	0.09332994695238898	0.22827887318856302	285	POU5F2->RN7SL5P
HOXA4	HOXA5	0.09329939887208374	0.2561105558080692	286	HOXA4->HOXA5
GRHL3	UPK2	0.09322002466574393	0.1685439533552634	287	GRHL3->UPK2
TMSB4X	TMSB4XP8	0.09304117823323424	0.26277804239646796	288	TMSB4X->TMSB4XP8
HNF4A	AKR7A3	0.09302678118766029	0.27860485257933426	289	HNF4A->AKR7A3
ZNF124	RN7SL4P	0.09296713744036485	0.209854950126976	290	ZNF124->RN7SL4P
ZNF460	HIST1H2AG	0.0929189994621085	0.22290568975068747	291	ZNF460->HIST1H2AG
AGT	ITIH2	0.09276653141719803	0.15793935486645064	292	AGT->ITIH2
ZNF460	HIST1H1D	0.09274006731325786	0.2414944551228314	293	ZNF460->HIST1H1D
ZNF460	RN7SKP80	0.09234529017997063	0.2329837370974917	294	ZNF460->RN7SKP80
NR1H4	ENSG00000235142	0.09219324753651739	0.25555757873769624	295	NR1H4->ENSG00000235142
RFX4	NCAN	0.09203477393149904	0.30005544073205576	296	RFX4->NCAN
GRHL2	CHMP4C	0.09198803213951597	0.2659991203376567	297	GRHL2->CHMP4C
CDX1	MEP1A	0.09177831490836934	0.2659794748746448	298	CDX1->MEP1A
FOXE1	ENSG00000240237	0.09169271028640054	0.17440855543881603	299	FOXE1->ENSG00000240237
HOXB8	HOXB7	0.09155494708759042	0.2638203112663767	300	HOXB8->HOXB7
ZNF124	RNU6ATAC	0.0914988933096866	0.20578227997748383	301	ZNF124->RNU6ATAC
NR1H4	DPYS	0.09146489324760478	0.2649061360301508	302	NR1H4->DPYS
GRHL2	SMIM22	0.09145005239369135	0.2597460551846511	303	GRHL2->SMIM22
GRHL2	MAL2	0.09131435484488733	0.27479139432568256	304	GRHL2->MAL2
HOXD3	HOXD8	0.09129541551721423	0.256292361903746	305	HOXD3->HOXD8
NR1H4	SLC17A1	0.09115046698626113	0.2664159373843319	306	NR1H4->SLC17A1
CDX1	GPA33	0.09111409753818522	0.28500345410797806	307	CDX1->GPA33
CIITA	CD74	0.09101317120930337	0.2711891528486889	308	CIITA->CD74
OLIG1	OLIG2	0.090833224578367	0.3218683615744746	309	OLIG1->OLIG2
ZNF124	RN7SL128P	0.09074549983699061	0.21124414093989602	310	ZNF124->RN7SL128P
NR1I3	ITIH1	0.09061814147496305	0.26567139143918855	311	NR1I3->ITIH1
HOXB3	HOXB5	0.09042554882729667	0.2795657541358514	312	HOXB3->HOXB5
PAX8	LCN12	0.09017229944474904	0.23889981719125036	313	PAX8->LCN12
ZNF460	HIST1H2AI	0.09014357272313045	0.2114860949296774	314	ZNF460->HIST1H2AI
HNF1A	TRIM15	0.09012560655794936	0.27409089792007785	315	HNF1A->TRIM15
CERS3	KRTDAP	0.09009217122192777	0.2617130113978167	316	CERS3->KRTDAP
ZNF124	HIST1H4A	0.09005192969660808	0.2173377972194486	317	ZNF124->HIST1H4A
ZNF460	RNU5E-1	0.09001808332928335	0.2545967257838943	318	ZNF460->RNU5E-1
CIITA	HLA-DRA	0.08991782297363936	0.2787593893982412	319	CIITA->HLA-DRA
TP63	FAT2	0.08989590112302258	0.2859071339147465	320	TP63->FAT2
SPDEF	MUC6	0.08982919780472481	0.1782809284961939	321	SPDEF->MUC6
ZNF460	SNORD116-13	0.08978654292609647	0.228676126291432	322	ZNF460->SNORD116-13
GRHL2	TACSTD2	0.08977157791746261	0.2866430274463045	323	GRHL2->TACSTD2
HNF1B	C14orf105	0.08972777054432185	0.27102944176386334	324	HNF1B->C14orf105
OVOL2	C1orf210	0.08965375109385278	0.26640897755860576	325	OVOL2->C1orf210
HAND2	DBH	0.08958489114890947	0.2113975102106943	326	HAND2->DBH
ZNF124	HIST1H2BI	0.08953678271839995	0.20653529204121274	327	ZNF124->HIST1H2BI
OVOL2	TMC4	0.08948153739882582	0.2605754962780635	328	OVOL2->TMC4
NR1H4	ACSM2B	0.08935677755667917	0.25183198842301974	329	NR1H4->ACSM2B
CX3CL1	P2RX1	0.08921038643715067	-0.16098855858402944	330	CX3CL1->P2RX1
HAND2	TH	0.08914224785347935	0.21192536906054327	331	HAND2->TH
GRHL2	ATP2C2	0.08909246678027123	0.2740705937563801	332	GRHL2->ATP2C2
HNF4A	PROC	0.0890647262446523	0.1941850317093296	333	HNF4A->PROC
GRHL2	CLDN4	0.08903053346875019	0.2743585248206942	334	GRHL2->CLDN4
GRHL2	GGT6	0.08900124486838319	0.2657363021109487	335	GRHL2->GGT6
ZNF124	SCARNA13	0.08892746500268502	0.21722501082290468	336	ZNF124->SCARNA13
AGT	ASGR2	0.08870966738866176	0.1518707460287637	337	AGT->ASGR2
ZNF460	RN7SL648P	0.08867827055475393	0.25320346109172626	338	ZNF460->RN7SL648P
NR1H4	ALDH8A1	0.0884416818300231	0.2531024803038213	339	NR1H4->ALDH8A1
HNF4A	MUC13	0.08838967346289264	0.2519302426784345	340	HNF4A->MUC13
ZNF124	HIST1H4D	0.08836263841830966	0.2089973707914241	341	ZNF124->HIST1H4D
SPDEF	CREB3L4	0.08822022659880976	0.2832974866554185	342	SPDEF->CREB3L4
OVOL2	ENSG00000261183	0.08820488039751677	0.25799134302463217	343	OVOL2->ENSG00000261183
HNF4A	TINAG	0.08813081947186656	0.24042906094431707	344	HNF4A->TINAG
GRHL2	FXYD3	0.08800925208675701	0.26592455951433414	345	GRHL2->FXYD3
HNF4A	CLDN2	0.08800126098694148	0.24813784573055406	346	HNF4A->CLDN2
ZNF124	HIST1H3I	0.08789956131177	0.20876788949828678	347	ZNF124->HIST1H3I
CERS3	KRT1	0.08787620064271749	0.22151658124812987	348	CERS3->KRT1
HOXB8	HOXB-AS3	0.08783896447122344	0.27165202638764474	349	HOXB8->HOXB-AS3
HNF1A	ARSE	0.08770828271169319	0.2573543286283389	350	HNF1A->ARSE
KLF1	SLC4A1	0.08769746807371818	0.31435819443563234	351	KLF1->SLC4A1
NR1H4	PDZK1	0.0876510718035327	0.2765803680425613	352	NR1H4->PDZK1
ZNF124	SNORD17	0.0876078279346675	0.21232135169830815	353	ZNF124->SNORD17
ZNF124	HIST1H1B	0.0873759159003454	0.19595971984991048	354	ZNF124->HIST1H1B
ZNF124	HIST1H3B	0.08726929142036585	0.20643909093240578	355	ZNF124->HIST1H3B
FOXE1	TPO	0.08707985604987328	0.16409108405983397	356	FOXE1->TPO
HOXA13	HOXA11	0.0870490308277797	0.26378512607294935	357	HOXA13->HOXA11
GRHL2	SPINT1	0.08677285286887917	0.27239486147926145	358	GRHL2->SPINT1
HNF1A	USH1C	0.08675887398240259	0.27169574558584536	359	HNF1A->USH1C
HSPA1B	HSPA6	0.08662786395150582	0.19787930015545796	360	HSPA1B->HSPA6
SPDEF	LRRC26	0.0865990111742643	0.25406343189306213	361	SPDEF->LRRC26
GRHL2	CLDN8	0.08659892845076365	0.2031874643511842	362	GRHL2->CLDN8
NR1H4	NAT8	0.08653538969321745	0.25537142870470686	363	NR1H4->NAT8
MYOCD	MYH11	0.08644127318501826	0.24706101091536956	364	MYOCD->MYH11
NKX2-1	C16orf89	0.0863088085755438	0.29273959946993144	365	NKX2-1->C16orf89
ZNF460	RN7SKP185	0.08626316694827164	0.21952187313570148	366	ZNF460->RN7SKP185
PHOX2A	DBH	0.08622423606064789	0.2430833745409861	367	PHOX2A->DBH
POU5F2	RN7SL128P	0.08606944828077247	0.22670119734282915	368	POU5F2->RN7SL128P
OVOL2	EPCAM	0.08603515527774504	0.2704364254498996	369	OVOL2->EPCAM
GATA3	DHRS2	0.08591957268493038	0.18864549152738952	370	GATA3->DHRS2
HNF4A	PAH	0.08588062130525458	0.19164751055350748	371	HNF4A->PAH
SFN	SPRR2G	0.0858154619640098	0.1533180840361243	372	SFN->SPRR2G
ZNF124	SCARNA12	0.08575902195441844	0.212823774103855	373	ZNF124->SCARNA12
HNF4A	ACSM2A	0.08573951208225503	0.1823637216612621	374	HNF4A->ACSM2A
CD36	FABP4	0.08569745054838884	0.23337580916840125	375	CD36->FABP4
GRHL2	ILDR1	0.08554299634191982	0.24497338951861555	376	GRHL2->ILDR1
POU5F2	RN7SL752P	0.08526144511349527	0.21949413352205469	377	POU5F2->RN7SL752P
SPDEF	MUC5B	0.0851965588076034	0.20086942902126262	378	SPDEF->MUC5B
GRHL2	MARVELD2	0.08512540978798588	0.24979757825224033	379	GRHL2->MARVELD2
OASL	RSAD2	0.08508488115948924	0.26080120761107056	380	OASL->RSAD2
ZNF460	HIST1H2AD	0.08506516085316372	0.2300468909436908	381	ZNF460->HIST1H2AD
ZNF124	RNU4-1	0.08502630288432629	0.20597034395138356	382	ZNF124->RNU4-1
HOXB7	HOXB6	0.0849641919423535	0.27424871520417266	383	HOXB7->HOXB6
POU3F3	ENSG00000227869	0.08488900839500524	0.1953558552634698	384	POU3F3->ENSG00000227869
HNF4A	RNU1-70P	0.08476302387529704	0.18476332308883428	385	HNF4A->RNU1-70P
ELF3	CLDN7	0.08467306302985433	0.28225613472825045	386	ELF3->CLDN7
GRHL2	PRR15L	0.08461586206759752	0.2513409872520365	387	GRHL2->PRR15L
ZNF124	HIST1H2BL	0.08451024668372611	0.19657719048159925	388	ZNF124->HIST1H2BL
FOS	EGR1	0.08424395865777655	0.2785119321861686	389	FOS->EGR1
HNF4A	SERPINA4	0.0842117485058339	0.20335522080778332	390	HNF4A->SERPINA4
NR1H4	BHMT2	0.08420070896148925	0.26912594589790323	391	NR1H4->BHMT2
ZNF460	SNORA5C	0.08418329160310524	0.22400198809542118	392	ZNF460->SNORA5C
HNF1A	CDHR5	0.08417363077052213	0.2752833401965067	393	HNF1A->CDHR5
HNF4A	NAT8	0.08409345785496414	0.1974628642987142	394	HNF4A->NAT8
HOXB13	SLC45A3	0.08406844798461223	0.2178786366940961	395	HOXB13->SLC45A3
DDX58	IFIT1	0.08402985528015328	0.25892308855826796	396	DDX58->IFIT1
GRHL2	ST14	0.0839730551933928	0.25989580470168505	397	GRHL2->ST14
OVOL2	AP1M2	0.083934227742872	0.26432702672682085	398	OVOL2->AP1M2
POU5F2	SCARNA10	0.08391340702615858	0.2323692929263009	399	POU5F2->SCARNA10
ZNF805	HIST1H4B	0.08382888855868018	0.18964691292375807	400	ZNF805->HIST1H4B
ZNF124	HIST1H4C	0.08376367657945379	0.2230003141073673	401	ZNF124->HIST1H4C
HNF1B	FXYD2	0.08372912425950987	0.23196770224774677	402	HNF1B->FXYD2
NR1H4	FTCD	0.08372524739990733	0.24990666569398462	403	NR1H4->FTCD
CERS3	CRCT1	0.08361629530992412	0.25020010911815005	404	CERS3->CRCT1
GRHL2	ATP8B1	0.0835246738690511	0.26303745857961436	405	GRHL2->ATP8B1
HNF1A	SLC39A5	0.08341089636861239	0.2791246694618688	406	HNF1A->SLC39A5
CDX2	GPA33	0.0833005391986578	0.2884575274141265	407	CDX2->GPA33
GRHL2	CRB3	0.08321399915302724	0.24223311245442805	408	GRHL2->CRB3
ZNF124	HIST1H3J	0.0832115646668194	0.18708633568318447	409	ZNF124->HIST1H3J
CDX2	MEP1A	0.08315289142591285	0.26688827066323423	410	CDX2->MEP1A
HNF4A	HABP2	0.08309959567689941	0.18893364634853865	411	HNF4A->HABP2
ZNF124	ENSG00000222489	0.08299544105172944	0.1884377632331066	412	ZNF124->ENSG00000222489
NKX3-1	HOXB13	0.08278227557532446	0.2432628163363333	413	NKX3-1->HOXB13
ZNF124	RN7SK	0.08277716149614583	0.22009831719801842	414	ZNF124->RN7SK
NR1H4	SERPINF2	0.08265666463895088	0.24608557741685735	415	NR1H4->SERPINF2
DDX58	RSAD2	0.08256506257946089	0.24494972975711468	416	DDX58->RSAD2
HNF4A	MLXIPL	0.08252420292068738	0.25103665103837774	417	HNF4A->MLXIPL
NKX2-1	LMO3	0.08252004359418642	0.30574088049200726	418	NKX2-1->LMO3
TP63	GPR87	0.08240059299268068	0.2739351016659092	419	TP63->GPR87
NR1H4	SLC28A1	0.08238329671022092	0.24916481264165954	420	NR1H4->SLC28A1
HNF4A	AMN	0.08235889321923658	0.258368466960531	421	HNF4A->AMN
HOXA2	HOXA5	0.08235782171636333	0.23098739854059078	422	HOXA2->HOXA5
HOXB3	HOXB6	0.08230264886741823	0.2728491060918554	423	HOXB3->HOXB6
GRHL2	CBLC	0.08229459501153026	0.2725198207275804	424	GRHL2->CBLC
HNF1A	HABP2	0.0822208713233845	0.20055483535932087	425	HNF1A->HABP2
HOXA7	HOXA5	0.08220316324114262	0.2458035240231051	426	HOXA7->HOXA5
CAV1	CAV2	0.08219993807749107	0.29787215518469645	427	CAV1->CAV2
NR1H4	C14orf105	0.08216240675102639	0.2538193758924317	428	NR1H4->C14orf105
HOXD10	HOXD9	0.08213698700902998	0.264625301212771	429	HOXD10->HOXD9
NKX2-1	SFTA1P	0.08213258363216774	0.22230481409935257	430	NKX2-1->SFTA1P
ZNF460	TMEM14E	0.08212309833715767	0.27467420638837375	431	ZNF460->TMEM14E
ZNF124	SNORA38	0.08210277108498881	0.19507279574971895	432	ZNF124->SNORA38
NKX2-1	ATP13A4	0.0820944140745038	0.28081470394062213	433	NKX2-1->ATP13A4
ZNF124	MIR3609	0.08207833829481097	0.22025174219569102	434	ZNF124->MIR3609
HNF1A	CLRN3	0.08206847502821317	0.266505956636035	435	HNF1A->CLRN3
EGR2	EGR3	0.08205006078906284	0.2589003102616278	436	EGR2->EGR3
S100A9	S100A7	0.0819688034306548	0.2063640349351459	437	S100A9->S100A7
OLIG2	NCAN	0.08194442108289546	0.2618116043040452	438	OLIG2->NCAN
HNF1A	CLDN2	0.08193620946463546	0.23588419526623935	439	HNF1A->CLDN2
PHOX2B	HAND2	0.08184501448244699	0.2725504748191291	440	PHOX2B->HAND2
ZNF460	ENSG00000201343	0.08181985321375801	0.263969829095505	441	ZNF460->ENSG00000201343
ZNF124	SCARNA6	0.08178221941319261	0.19707488468644835	442	ZNF124->SCARNA6
OVOL2	PKP3	0.0817692848980582	0.28244133316168674	443	OVOL2->PKP3
SPDEF	ENSG00000244468	0.08175612294483593	0.16679988576471033	444	SPDEF->ENSG00000244468
GRHL2	PRSS16	0.08174217875759988	0.1278588875971149	445	GRHL2->PRSS16
GRHL2	CLDN7	0.08166586888122696	0.2582952965373464	446	GRHL2->CLDN7
POU5F2	RN7SL4P	0.08165839859190482	0.21536199440278653	447	POU5F2->RN7SL4P
HOXD8	HOXD9	0.08157715034640568	0.272162432195451	448	HOXD8->HOXD9
RFX4	CACNG7	0.08155273264063388	0.2955561416292696	449	RFX4->CACNG7
OVOL2	ST14	0.08147041077300772	0.23977905865211702	450	OVOL2->ST14
AGT	UGT2B4	0.08141063565726522	0.14956398754281788	451	AGT->UGT2B4
HNF1A	SERPINA4	0.08139511667437849	0.2007137537282659	452	HNF1A->SERPINA4
POU5F2	RN7SL2	0.0811797817295777	0.21450121607677144	453	POU5F2->RN7SL2
ZNF460	HIST1H2BF	0.0811316611684643	0.23002469501432057	454	ZNF460->HIST1H2BF
IFI27	IFI6	0.08106049391536864	0.2498523168405555	455	IFI27->IFI6
TRIM29	ANXA8	0.08105704613426462	0.23752637925181141	456	TRIM29->ANXA8
POU5F2	SCARNA5	0.08104696131801	0.22788599710349514	457	POU5F2->SCARNA5
CERS3	CAPNS2	0.08096384326514353	0.2703201504554767	458	CERS3->CAPNS2
ZNF124	SNORA73B	0.080949799508125	0.19898840181866226	459	ZNF124->SNORA73B
SPDEF	FOXA1	0.08085810913502436	0.2579723896911414	460	SPDEF->FOXA1
HNF4A	PKLR	0.08084968167297807	0.22323398095698813	461	HNF4A->PKLR
ZNF460	HIST1H3D	0.08078578564799617	0.22016370204078328	462	ZNF460->HIST1H3D
ZNF407	ENSG00000278771	0.08071972563954516	0.18249025234691701	463	ZNF407->ENSG00000278771
HNF4A	GIPC2	0.08050731707540859	0.26680498913698725	464	HNF4A->GIPC2
POU5F2	SNORD17	0.08050452134654686	0.21888103861974978	465	POU5F2->SNORD17
GRHL2	NUPR1L	0.08028892017987471	0.2063597028424074	466	GRHL2->NUPR1L
GRHL2	ENSG00000272141	0.08022462231858796	0.2629942520860874	467	GRHL2->ENSG00000272141
POU5F2	SNORA80A	0.08012357566855294	0.21928867156908494	468	POU5F2->SNORA80A
OASL	IFIT3	0.0801151937207048	0.2663670140455708	469	OASL->IFIT3
HNF4A	RNF186	0.0800560023636118	0.23047963877625008	470	HNF4A->RNF186
NKX2-1	SFTA2	0.08005572291562907	0.250549005180192	471	NKX2-1->SFTA2
GRHL2	MIR429	0.08003955313531244	0.2559710461314563	472	GRHL2->MIR429
PGR	ESR1	0.07999437038366548	0.2724429994692229	473	PGR->ESR1
NR1I3	ITIH3	0.07989321934910842	0.24203468615058427	474	NR1I3->ITIH3
NR1H4	DMGDH	0.07987886432935404	0.2590123763724742	475	NR1H4->DMGDH
ZNF460	ENSG00000261069	0.07987107998439776	0.22626892361279896	476	ZNF460->ENSG00000261069
TP63	ADH7	0.07980293701452426	0.20034541122376223	477	TP63->ADH7
POU5F2	SNORA84	0.07973862049650918	0.21724103538885872	478	POU5F2->SNORA84
ZNF124	RN7SKP48	0.07972695583498551	0.2044085141227576	479	ZNF124->RN7SKP48
IRF4	IGLL5	0.07968360447362231	0.19996814493957624	480	IRF4->IGLL5
INSM2	DBH	0.07966510460834438	0.247949555417362	481	INSM2->DBH
HNF4A	ACSM2B	0.07965963785198951	0.17892820817519522	482	HNF4A->ACSM2B
GRHL2	EPHA1	0.0796323064357135	0.23050108531046806	483	GRHL2->EPHA1
HOXB7	HOXB9	0.0795908408523037	0.23512916598521968	484	HOXB7->HOXB9
POU5F2	SNORA71D	0.07954292726562867	0.21292090934432548	485	POU5F2->SNORA71D
FOXA1	ENSG00000244468	0.07947060406960149	0.15983357781098284	486	FOXA1->ENSG00000244468
EHF	GRHL2	0.07945442940019265	0.25539580308023546	487	EHF->GRHL2
OVOL2	TMEM125	0.07944804301352644	0.25187980688147904	488	OVOL2->TMEM125
CDX2	CDH17	0.0794380987632215	0.2819309513395856	489	CDX2->CDH17
ZNF460	SNORD116-14	0.07943397640541316	0.23499741702181745	490	ZNF460->SNORD116-14
CDX2	MUC2	0.07943164259323922	0.22760377923480973	491	CDX2->MUC2
AGT	HPR	0.07942328888144183	0.17779345375143701	492	AGT->HPR
NR1H4	SLC2A2	0.07940489192109478	0.23905595583559222	493	NR1H4->SLC2A2
HOXC4	ENSG00000250742	0.0793357970903089	0.2573876855398315	494	HOXC4->ENSG00000250742
GRHL2	LAD1	0.0793195302871904	0.26595949755883114	495	GRHL2->LAD1
ZNF124	SNORA7B	0.0793082488161686	0.19518963916962084	496	ZNF124->SNORA7B
MGA	ENSG00000252213	0.0792810934511459	0.15372235154413125	497	MGA->ENSG00000252213
ZNF805	ENSG00000278771	0.07924328490376158	0.16099608407669966	498	ZNF805->ENSG00000278771
ZNF124	RNVU1-7	0.07891807650264225	0.19444771552267576	499	ZNF124->RNVU1-7
TRIM29	SERPINB5	0.07889697737057114	0.28291910323521213	500	TRIM29->SERPINB5
ZNF805	SCARNA5	0.0788448358719262	0.19552465102690902	501	ZNF805->SCARNA5
TRIM15	CLRN3	0.07877603624673175	0.25604214397715713	502	TRIM15->CLRN3
ELF3	CLDN4	0.0786419505388858	0.28394946697186557	503	ELF3->CLDN4
ELF3	KRT8	0.07863342417237743	0.24251954720093033	504	ELF3->KRT8
ZNF460	HIST2H2BF	0.07846882521900933	0.22440987811037588	505	ZNF460->HIST2H2BF
HNF1A	DDC	0.07844400089548617	0.2905336415055419	506	HNF1A->DDC
ZNF805	RNY1	0.07836128640466244	0.16862125312672452	507	ZNF805->RNY1
ZNF460	SNORA14B	0.07834088782845106	0.2322710171410086	508	ZNF460->SNORA14B
NR1H4	G6PC	0.07833147461167667	0.2119069949598506	509	NR1H4->G6PC
ZNF124	SNORA12	0.07830708221238525	0.21545006041136086	510	ZNF124->SNORA12
ZNF124	RN7SKP185	0.078266358852048315	0.19801855569754234	511	ZNF124->RN7SKP185
ELF3	C1orf210	0.07816627108505378	0.26037784470056285	512	ELF3->C1orf210
S100A9	S100A12	0.07809494948526223	0.27206821350246724	513	S100A9->S100A12
ZNF407	SCARNA10	0.07807529132690977	0.2016895566834466	514	ZNF407->SCARNA10
NR1H4	ANGPTL3	0.07806323509644615	0.20341266252236515	515	NR1H4->ANGPTL3
PTPRN	CPLX2	0.07803541383552384	0.2801907395893184	516	PTPRN->CPLX2
PHOX2A	TH	0.07799536337736983	0.22105270108754993	517	PHOX2A->TH
POU5F2	ENSG00000278771	0.07795184311180497	0.2018079754586667	518	POU5F2->ENSG00000278771
ZNF124	SNORA53	0.07792693739530676	0.20244318375821121	519	ZNF124->SNORA53
SCRT1	RUNDC3A	0.0779020592684034	0.2862077384529897	520	SCRT1->RUNDC3A
ZNF124	HIST1H2BE	0.07788337180578363	0.20592146301078396	521	ZNF124->HIST1H2BE
GRHL2	C6orf132	0.07779676393013336	0.26705308314348064	522	GRHL2->C6orf132
ELF3	CHMP4C	0.07761465723202292	0.24032812009897964	523	ELF3->CHMP4C
ZNF124	SNORA47	0.07756227461263215	0.20007813398539437	524	ZNF124->SNORA47
HNF1A	HGD	0.07754508617856487	0.24017844234234767	525	HNF1A->HGD
SOX17	SCGB2A1	0.0775255177670013	0.247268973314201	526	SOX17->SCGB2A1
ELF3	GRB7	0.07748586283780727	0.2631486259439098	527	ELF3->GRB7
HNF4A	G6PC	0.0774438511256015	0.17188917053659689	528	HNF4A->G6PC
NKX2-1	HOPX	0.07738116362770817	0.2974560950591283	529	NKX2-1->HOPX
ZNF805	HIST1H2AB	0.07728844378822608	0.1803986563141646	530	ZNF805->HIST1H2AB
TRIM29	KRT5	0.07722949096100279	0.2500682029327221	531	TRIM29->KRT5
ZNF460	ENSG00000222586	0.07719797630226789	0.2723290858696992	532	ZNF460->ENSG00000222586
NR1H4	CREB3L3	0.07709957992923272	0.21520009275732116	533	NR1H4->CREB3L3
CDKN2A	CDKN2B	0.07704170635713335	0.24244802387916395	534	CDKN2A->CDKN2B
OVOL2	SPINT1	0.07701832420607989	0.2532102800232741	535	OVOL2->SPINT1
HNF4A	UNC5CL	0.07699100811259188	0.23323625624234162	536	HNF4A->UNC5CL
POU5F2	SNORA38	0.0768945794857622	0.240481290060458	537	POU5F2->SNORA38
ELF3	EPCAM	0.07684972845717236	0.2472395327778253	538	ELF3->EPCAM
HNF4A	KHK	0.07681760518505958	0.22405226727715144	539	HNF4A->KHK
RFX4	GPM6A	0.07681078102711168	0.2620962597634612	540	RFX4->GPM6A
GRHL2	KRT7	0.07679262419263694	0.2138848384020526	541	GRHL2->KRT7
AGT	ITIH1	0.07673588805704333	0.15011903867307017	542	AGT->ITIH1
OASL	MX1	0.07672131879613615	0.2505910493519901	543	OASL->MX1
HOXA9	HOXA11	0.07671071463282918	0.22561416685898408	544	HOXA9->HOXA11
ZNF460	MTATP6P1	0.07663098805262872	-0.213160460197194	545	ZNF460->MTATP6P1
ZNF460	ENSG00000274735	0.07659268167782889	0.1709568471287244	546	ZNF460->ENSG00000274735
ZNF124	SCARNA21	0.0765579410713619	0.214602377092006	547	ZNF124->SCARNA21
SFN	CALML3	0.07652982424267316	0.18738719340018395	548	SFN->CALML3
CREB3L4	SPDEF	0.07649124668828167	0.24838076504518322	549	CREB3L4->SPDEF
ZNF805	HIST2H2AB	0.07647563151383599	0.20428427654863215	550	ZNF805->HIST2H2AB
GRHL2	SFN	0.07646478998429679	0.2548806674302886	551	GRHL2->SFN
PAX8	CDH6	0.07642147656069453	0.22691770863229213	552	PAX8->CDH6
ELF3	KRT18	0.07632235985987848	0.23765186345545905	553	ELF3->KRT18
CERS3	SLURP1	0.07627921179870847	0.22421616080195692	554	CERS3->SLURP1
GRHL2	SYNE4	0.0761598653185169	0.228610048457715	555	GRHL2->SYNE4
PAX8	CLDN16	0.07612142251565485	0.1906651512860716	556	PAX8->CLDN16
NR1H4	AGXT	0.07609971554129648	0.18863361216888594	557	NR1H4->AGXT
HOXC6	HOXC10	0.07609243550825165	0.24000263358453228	558	HOXC6->HOXC10
OASL	IFIT1	0.07608520269810692	0.25515566151692176	559	OASL->IFIT1
NR1I3	CFHR1	0.07605860119274525	0.24600875441696327	560	NR1I3->CFHR1
HNF1A	GAL3ST1	0.07595965215707326	0.24175362590641997	561	HNF1A->GAL3ST1
ZNF460	MT-ND1	0.07591410981201117	-0.21443321441602706	562	ZNF460->MT-ND1
HNF4A	SCGN	0.07588698358071704	0.1767994052093484	563	HNF4A->SCGN
NR1H4	RNU1-70P	0.07585147908997411	0.23538951520260076	564	NR1H4->RNU1-70P
HNF4A	MUC3A	0.07580198466774103	0.22512379435664415	565	HNF4A->MUC3A
POU5F2	RNU4-2	0.07571920939918737	0.21005189195090268	566	POU5F2->RNU4-2
GRHL2	C1orf116	0.07570242824546224	0.2537434619816983	567	GRHL2->C1orf116
HNF4A	ACMSD	0.07566048849464586	0.19201857949431625	568	HNF4A->ACMSD
GRHL2	ELF3	0.07563623984117143	0.25151944606531906	569	GRHL2->ELF3
GRHL2	SCNN1G	0.07557661871863171	0.1957356382222841	570	GRHL2->SCNN1G
ZNF460	SNORA28	0.07557646383312544	0.2609589617327127	571	ZNF460->SNORA28
S100A12	S100A9	0.07555391288727424	0.26981917160412566	572	S100A12->S100A9
GRHL2	CDC42BPG	0.07537710846876593	0.2438206349867649	573	GRHL2->CDC42BPG
SPDEF	AGR3	0.07535263390503534	0.23352566202566777	574	SPDEF->AGR3
TRIM29	KRT17	0.07531122933887283	0.2627712050076152	575	TRIM29->KRT17
TRIM29	TP63	0.0752989637744546	0.23446654986427184	576	TRIM29->TP63
GRHL2	EPS8L1	0.07519302248941069	0.23481986154955914	577	GRHL2->EPS8L1
ZNF124	HIST1H2AH	0.07511589076425633	0.19358942146377917	578	ZNF124->HIST1H2AH
CERS3	LCE3D	0.07506522796490102	0.2328177973625503	579	CERS3->LCE3D
CIITA	HLA-DOA	0.07506497880778541	0.2697228225197919	580	CIITA->HLA-DOA
HOXB7	HOXB5	0.07504660887600055	0.2394045795769623	581	HOXB7->HOXB5
POU3F3	FXYD2	0.07501958462397441	0.19353249306839093	582	POU3F3->FXYD2
GRHL2	DSP	0.07501834352853635	0.24167516434262395	583	GRHL2->DSP
HNF4A	ARSE	0.07494661409665246	0.24313796968597373	584	HNF4A->ARSE
GRHL2	MPP7	0.07489832236791405	0.2289662830962077	585	GRHL2->MPP7
HNF1A	CDHR2	0.0748937956933455	0.24053350521775352	586	HNF1A->CDHR2
NR1H4	HPD	0.07489076665249805	0.21364863756404634	587	NR1H4->HPD
HNF4A	UGT1A9	0.0748607088928632	0.1622120371362142	588	HNF4A->UGT1A9
HNF1A	MUC13	0.0748293298734604	0.226129964861441	589	HNF1A->MUC13
NR1H4	PAH	0.07481273171921765	0.21116820122650573	590	NR1H4->PAH
OVOL2	PRSS8	0.07475603874219872	0.25285802954818704	591	OVOL2->PRSS8
HNF4A	SERPINF2	0.074751612148595	0.1690293464737192	592	HNF4A->SERPINF2
SOX21	SOX2	0.07469349142198807	0.256575188049258	593	SOX21->SOX2
POU5F2	SNORA23	0.07463874170522697	0.21786648325734947	594	POU5F2->SNORA23
GRHL2	KRT19	0.07463854253873371	0.23638729903620562	595	GRHL2->KRT19
HNF4A	FUT6	0.07460448677994841	0.2452018577733204	596	HNF4A->FUT6
CX3CL1	RNASE3	0.07459515742231551	-0.10906675547047968	597	CX3CL1->RNASE3
AGT	SLC38A3	0.0745836545069298	0.19148926512012998	598	AGT->SLC38A3
PAX5	TCL1A	0.074457982360056	0.2427725187707084	599	PAX5->TCL1A
ZNF124	SNORD15B	0.07443612798314726	0.202365626401962	600	ZNF124->SNORD15B
ZBTB16	FKBP5	0.07440358984031212	0.23533836651620535	601	ZBTB16->FKBP5
HNF4A	SMIM24	0.07439397087107315	0.26513149430891275	602	HNF4A->SMIM24
HNF1A	BAIAP2L2	0.0743722660764069	0.2535259381926796	603	HNF1A->BAIAP2L2
ZNF124	SCARNA7	0.07435699621203488	0.20695319119516303	604	ZNF124->SCARNA7
ELF3	LLGL2	0.07434673270977915	0.24644585967011753	605	ELF3->LLGL2
NR1H4	SLC6A13	0.07428846516847369	0.21247327663406407	606	NR1H4->SLC6A13
GRHL2	SCNN1A	0.07427342283730454	0.24323939836360714	607	GRHL2->SCNN1A
IRF4	IGLV3-1	0.07420055871637964	0.17899388619555137	608	IRF4->IGLV3-1
GRHL2	TMPRSS4	0.07417063999329558	0.24438379650708036	609	GRHL2->TMPRSS4
GRHL2	INPP5J	0.0740896045611296	0.17439447155632468	610	GRHL2->INPP5J
FOXA3	LINC00261	0.07404171469326773	0.20197802474569315	611	FOXA3->LINC00261
RFX4	MLC1	0.07403441704930462	0.3034327706005228	612	RFX4->MLC1
NR1I3	AGXT	0.07402431418290674	0.25535508181904154	613	NR1I3->AGXT
CIITA	HLA-DQB1-AS1	0.07399110314981566	0.25937859977681504	614	CIITA->HLA-DQB1-AS1
NR1H4	SLC17A3	0.07397864641670239	0.24315692922931395	615	NR1H4->SLC17A3
CREB3L3	ITIH3	0.07396524397913654	0.21142659262830982	616	CREB3L3->ITIH3
TP63	GBP6	0.07391986882383056	0.23004385825410367	617	TP63->GBP6
NR1I3	CYP2E1	0.07387897290530766	0.227233734248966	618	NR1I3->CYP2E1
HSPA1A	HSPA6	0.07383693808757645	0.18044673724088434	619	HSPA1A->HSPA6
MYOCD	DES	0.07378831282130557	0.23119043222336333	620	MYOCD->DES
OVOL2	KRTCAP3	0.07377909772704698	0.23122432951391514	621	OVOL2->KRTCAP3
OVOL2	SMIM22	0.07374072911852209	0.24046929919245177	622	OVOL2->SMIM22
RFX4	MT3	0.07365517858335964	0.25763869238671233	623	RFX4->MT3
TP63	CLCA2	0.0736510956660786	0.2544645916185179	624	TP63->CLCA2
NR1H4	SLC3A1	0.07361741434503899	0.2122550419406335	625	NR1H4->SLC3A1
FOXA1	SPDEF	0.07361711612741632	0.23985075175968013	626	FOXA1->SPDEF
TP63	DSC3	0.07355435704812348	0.2689942888792538	627	TP63->DSC3
TP63	KRT5	0.07354003908833523	0.2641252433559115	628	TP63->KRT5
PAX8	SOX17	0.07352478262814734	0.16205203967470003	629	PAX8->SOX17
FOSB	ATF3	0.07352351649871433	0.25680816123854644	630	FOSB->ATF3
FOXJ1	C20orf85	0.07352337790002288	0.20442613134719903	631	FOXJ1->C20orf85
NR1H4	GLYAT	0.0734636127406953	0.2312903289357158	632	NR1H4->GLYAT
CX3CL1	ENSG00000272256	0.07336965476132494	-0.1469105343681262	633	CX3CL1->ENSG00000272256
SCRT1	SYP	0.07333138229556524	0.26982565733980163	634	SCRT1->SYP
HNF1A	HNF1B	0.0732023113767603	0.21966442185693613	635	HNF1A->HNF1B
NR1H4	UGT2B7	0.0731689862879633	0.2619048536023492	636	NR1H4->UGT2B7
ZNF124	SNORA37	0.07313497483331168	0.19994525099676327	637	ZNF124->SNORA37
ZNF460	VTRNA1-1	0.07311779175204088	0.21703282605852742	638	ZNF460->VTRNA1-1
NR1I3	HRG	0.07311300048018952	0.24697065114465205	639	NR1I3->HRG
OASL	IFI44	0.07310226482223668	0.25618136066724906	640	OASL->IFI44
CIITA	HLA-DPB1	0.07305900002175265	0.27150168137500696	641	CIITA->HLA-DPB1
NR1H4	PLG	0.07300258755098589	0.18642079262311442	642	NR1H4->PLG
TRIM15	VIL1	0.07298582994022522	0.25009066152034276	643	TRIM15->VIL1
ZNF805	SNORA71D	0.07298137767141245	0.17675687140766735	644	ZNF805->SNORA71D
NR1H4	UGT1A9	0.07295976186943065	0.2240017039635706	645	NR1H4->UGT1A9
MITF	TYRP1	0.07292254615063161	0.14845938797118485	646	MITF->TYRP1
POU3F3	PAX2	0.07291896493147115	0.2055908596720849	647	POU3F3->PAX2
FOXA2	C4BPA	0.07284359024837173	0.2011925385321468	648	FOXA2->C4BPA
MGA	HIST1H4B	0.07279631149533862	0.1561759833812566	649	MGA->HIST1H4B
IRF6	PRRG2	0.0727869013808654	0.2268706537980533	650	IRF6->PRRG2
IRX3	CRNDE	0.07273587556456239	0.2501125913178609	651	IRX3->CRNDE
EMX2	PAX8	0.07271000759182361	0.2519739323850922	652	EMX2->PAX8
NR1H4	KHK	0.07265679809142092	0.23159377746507978	653	NR1H4->KHK
ZNF471	ZNF667-AS1	0.07265632013691257	0.24342633617096665	654	ZNF471->ZNF667-AS1
GRHL2	OVOL1	0.07263423384657039	0.2573808592057418	655	GRHL2->OVOL1
ZNF407	HIST1H4B	0.07255197488601249	0.1849005233306909	656	ZNF407->HIST1H4B
EHF	C1orf116	0.07255130126228063	0.24258191575815172	657	EHF->C1orf116
CDX1	CDH17	0.07252329010253666	0.2659093912568497	658	CDX1->CDH17
GRHL2	CXCL17	0.072480742091745	0.22238066704981346	659	GRHL2->CXCL17
EHF	C2orf54	0.07248045562226722	0.21396134085192486	660	EHF->C2orf54
ZNF124	HIST1H2AB	0.07240548616832153	0.19273565937890086	661	ZNF124->HIST1H2AB
HOXB5	HOXB9	0.07239724881338663	0.2465812430406086	662	HOXB5->HOXB9
CERS3	SBSN	0.07234887856404097	0.2602302392043135	663	CERS3->SBSN
NR1I3	PLG	0.07230657472411638	0.243665253970294	664	NR1I3->PLG
IRF4	IGKV3-11	0.072213643416343	0.18688777807945645	665	IRF4->IGKV3-11
ZNF460	HIST1H4H	0.072211501502542	0.21154921832751727	666	ZNF460->HIST1H4H
GRHL2	TFCP2L1	0.07216846629750594	0.19017301337933956	667	GRHL2->TFCP2L1
TRIM15	CDHR2	0.07215881707325891	0.23786113395865577	668	TRIM15->CDHR2
NLRC5	HCP5	0.07214966835983377	0.24343420831880086	669	NLRC5->HCP5
PAX8	LINC01320	0.07211947211155464	0.20245339281344626	670	PAX8->LINC01320
IRF4	IGKV1OR2-108	0.07208007002501354	0.16965722843826106	671	IRF4->IGKV1OR2-108
NR1I3	ASGR2	0.07201552214916383	0.2366358212571989	672	NR1I3->ASGR2
CX3CL1	RNVU1-6	0.07200875342042917	-0.1373893236473757	673	CX3CL1->RNVU1-6
IRF4	IGHG3	0.07199651305556046	0.17670388008411048	674	IRF4->IGHG3
TRIM15	CDHR5	0.07199503651274204	0.2531579088897752	675	TRIM15->CDHR5
GRHL2	KLK12	0.0719786532639227	0.14492673644450213	676	GRHL2->KLK12
GRHL2	IGSF9	0.07192459396095587	0.23747331900374719	677	GRHL2->IGSF9
IRF4	MLANA	0.07185600958687358	0.09851532638409925	678	IRF4->MLANA
GRHL2	ENSG00000275234	0.07183049174814002	0.20938189668032045	679	GRHL2->ENSG00000275234
RFX4	SLC1A2	0.07182440877599468	0.27059217314516826	680	RFX4->SLC1A2
HNF4A	AMBP	0.07178867859020548	0.1577913267709551	681	HNF4A->AMBP
PAX5	CD22	0.07178109533954533	0.25502713425365714	682	PAX5->CD22
OASL	IFI44L	0.07176853440574571	0.23600805064878252	683	OASL->IFI44L
NR1H4	SLC22A2	0.07176417717053483	0.17566224987084156	684	NR1H4->SLC22A2
PAX8	SALL1	0.0717358711327442	0.2416838415375079	685	PAX8->SALL1
ELF3	AP1M2	0.07168723420165027	0.24340891052419536	686	ELF3->AP1M2
PTMA	PTMAP4	0.07155937019579661	0.26293551397588044	687	PTMA->PTMAP4
ZNF805	HIST1H4A	0.0715355153114407	0.1837030189615244	688	ZNF805->HIST1H4A
FOXA2	SERPIND1	0.07152429388775394	0.16918817791099408	689	FOXA2->SERPIND1
SCRT1	ATP1A3	0.0714908510643324	0.28789939993061325	690	SCRT1->ATP1A3
ZNF124	HIST2H2AB	0.0714317507839678	0.2054951700936631	691	ZNF124->HIST2H2AB
NR1I3	ADH1A	0.07136887293080309	0.2277086184199557	692	NR1I3->ADH1A
AGT	ASGR1	0.07133888435515225	0.14795610646991206	693	AGT->ASGR1
ZNF407	SCARNA13	0.07131689410738568	0.1919000171385343	694	ZNF407->SCARNA13
OVOL2	TMEM30B	0.07131413995481313	0.22768564102138472	695	OVOL2->TMEM30B
SOX2	PTPRZ1	0.07131405529594224	0.2502657340056947	696	SOX2->PTPRZ1
HNF1A	KIF12	0.07130470363265845	0.24039096014798425	697	HNF1A->KIF12
SPDEF	AGR2	0.07130444326216019	0.26122999805246244	698	SPDEF->AGR2
CIITA	HLA-DPA1	0.07128971371490438	0.2587108160923567	699	CIITA->HLA-DPA1
FOXA1	ENSG00000234918	0.07128335915968743	0.1509637426165835	700	FOXA1->ENSG00000234918
FOXE1	TSHR	0.07118303225089577	0.17457458883781157	701	FOXE1->TSHR
POU5F2	RNU4-1	0.0711735803500215	0.196356829433286	702	POU5F2->RNU4-1
CERS3	TMPRSS11D	0.0711445210361524	0.26430747932096205	703	CERS3->TMPRSS11D
HOXB9	HOXB6	0.07113390180238988	0.2531275661071356	704	HOXB9->HOXB6
TBX4	SFTPA2	0.07112223484824537	0.18579850585228655	705	TBX4->SFTPA2
ZNF124	SNORA38B	0.07108781217810532	0.18233099731767993	706	ZNF124->SNORA38B
TCEAL7	TCEAL5	0.07108722516294318	0.2622889693027553	707	TCEAL7->TCEAL5
ATOH1	MUC2	0.07107058274073354	0.25890032175952016	708	ATOH1->MUC2
NR1I3	HPX	0.07106990044226709	0.23974971118703958	709	NR1I3->HPX
ZNF805	SNORA34	0.07104571146093634	0.18775665355359383	710	ZNF805->SNORA34
HNF4A	GDA	0.07102099790175878	0.22430083153312788	711	HNF4A->GDA
GRHL2	TJP3	0.07100160298869426	0.24550501306810743	712	GRHL2->TJP3
ZNF805	RNVU1-7	0.07099554788514795	0.1760789508606993	713	ZNF805->RNVU1-7
SPI1	TYROBP	0.07097481255988164	0.2930518964243176	714	SPI1->TYROBP
SPDEF	TFF3	0.07096132724767541	0.25216513345449515	715	SPDEF->TFF3
GRHL2	ITGB6	0.07095884994671446	0.23304935638177576	716	GRHL2->ITGB6
EGR1	EGR2	0.0708699428786418	0.24617133320766224	717	EGR1->EGR2
POU5F2	RN7SK	0.07086830308094845	0.20830583801466737	718	POU5F2->RN7SK
POU5F2	RNU6ATAC	0.07078339035995897	0.2045993592263614	719	POU5F2->RNU6ATAC
NR1H4	FXYD2	0.07077664824683277	0.21205584762619442	720	NR1H4->FXYD2
TRIM29	GJB5	0.07076449107649838	0.266449314759575	721	TRIM29->GJB5
HOXA11	HOXA9	0.07074599780989944	0.24683166810844526	722	HOXA11->HOXA9
HOXB5	HOXB2	0.0707443614807706	0.2147191756344631	723	HOXB5->HOXB2
HOXD9	HOXD8	0.07070628405739718	0.2620652318990288	724	HOXD9->HOXD8
IRF6	GRHL2	0.07070002184423449	0.2455898367819639	725	IRF6->GRHL2
HNF1A	PROC	0.0706951260522071	0.2010660008277955	726	HNF1A->PROC
HNF4A	NR0B2	0.07068407231511942	0.19775140285143533	727	HNF4A->NR0B2
NR1H4	ALB	0.0706794529908808	0.1552736105973179	728	NR1H4->ALB
HNF4A	SMIM6	0.07066301533493698	0.18824266833082803	729	HNF4A->SMIM6
HNF1A	SMIM24	0.07066280064212502	0.2455248019967952	730	HNF1A->SMIM24
ELF3	MARVELD2	0.07064627410432904	0.21735475642029234	731	ELF3->MARVELD2
ZNF460	HIST1H2BH	0.07063608006649186	0.21281567680940494	732	ZNF460->HIST1H2BH
ELF3	TJP3	0.07061751479011837	0.2579766232241529	733	ELF3->TJP3
PAX3	TYRP1	0.07057326066405481	0.23102665426215846	734	PAX3->TYRP1
IRF6	KDF1	0.07056338085000893	0.2483465009450003	735	IRF6->KDF1
ETV4	ETV5	0.07055697511734219	0.23140336213085466	736	ETV4->ETV5
NR1I3	ADH4	0.07054991035013525	0.2375752222385536	737	NR1I3->ADH4
HNF4A	IGFBP1	0.07049725762287659	0.15432501057639442	738	HNF4A->IGFBP1
EHF	RAB25	0.07047738628820183	0.2301661481851342	739	EHF->RAB25
ZNF460	MT-ND6	0.07044001270130394	-0.20061402586373836	740	ZNF460->MT-ND6
HNF4A	APOM	0.07041675701544672	0.1747972659522402	741	HNF4A->APOM
HNF4A	IL22RA1	0.07040495054547732	0.2620176450638959	742	HNF4A->IL22RA1
IRF4	IGHV3-23	0.07040326889051184	0.17524544910315004	743	IRF4->IGHV3-23
HOXB6	HOXB2	0.07036346098452194	0.21301937369529214	744	HOXB6->HOXB2
SPDEF	PLEKHS1	0.07031619022230977	0.23227328088267546	745	SPDEF->PLEKHS1
IRF4	IGLV6-57	0.07031583985936846	0.17017643125341048	746	IRF4->IGLV6-57
CREB3L3	ALB	0.07023688438988064	0.2052341668157459	747	CREB3L3->ALB
GRHL2	TC2N	0.07022976231372398	0.2332179128426729	748	GRHL2->TC2N
NR1I3	SERPIND1	0.0702268055761872	0.23837666528835816	749	NR1I3->SERPIND1
GRHL2	ELMO3	0.07021256462677918	0.2136852881108891	750	GRHL2->ELMO3
ELF3	MAL2	0.07016252237692996	0.25114924795896276	751	ELF3->MAL2
ZNF460	ENSG00000281472	0.07012642113370585	0.2254914333175981	752	ZNF460->ENSG00000281472
GRHL2	MAPK13	0.0701113272265895	0.2262774724444818	753	GRHL2->MAPK13
SCRT1	CHGB	0.07005476771520994	0.24972367245483953	754	SCRT1->CHGB
IRF4	IGKV3-15	0.07003173026146618	0.16822332459705563	755	IRF4->IGKV3-15
AGT	HPX	0.07003111467380559	0.13775670622960162	756	AGT->HPX
CREB3L3	HPX	0.06999791948049755	0.20385940812084344	757	CREB3L3->HPX
HNF4A	SLC17A1	0.0699900331671617	0.18268426637955357	758	HNF4A->SLC17A1
ELF3	MUC20	0.06995518615672644	0.20912026624041158	759	ELF3->MUC20
FOXA1	ZG16B	0.06993718086081725	0.21441366487685629	760	FOXA1->ZG16B
HNF1A	AGMAT	0.06993046266043071	0.2537022859968883	761	HNF1A->AGMAT
HOXD4	HAGLR	0.06991381351595187	0.23914066633328435	762	HOXD4->HAGLR
IRF4	IGHV3-30	0.06989721402043116	0.17978815308934762	763	IRF4->IGHV3-30
IRF4	IGLV1-47	0.06988328600967068	0.16699539606532893	764	IRF4->IGLV1-47
SPDEF	TFF1	0.06987034423320385	0.23735089450445798	765	SPDEF->TFF1
ZNF124	RNU4-2	0.06984505946047062	0.19774751118895995	766	ZNF124->RNU4-2
POU5F2	HIST1H4B	0.0698384057140794	0.20266855255594485	767	POU5F2->HIST1H4B
RFX4	OLIG2	0.06981594923837561	0.2582909570166743	768	RFX4->OLIG2
HNF1B	ENSG00000235142	0.06978613431014162	0.2291893132521656	769	HNF1B->ENSG00000235142
IRF4	IGKV1-9	0.06976844963428512	0.16616417621968047	770	IRF4->IGKV1-9
FOS	FOSB	0.06976431973233171	0.3018016586706329	771	FOS->FOSB
EHF	GGT6	0.06975672178807261	0.23409281382005007	772	EHF->GGT6
IRF4	IGLV1-51	0.06975426316092237	0.16272281005602598	773	IRF4->IGLV1-51
TRIM31	ANXA10	0.06974190129808291	0.18117817851080667	774	TRIM31->ANXA10
NR1H4	HAO2	0.06973417013887356	0.2457624382499427	775	NR1H4->HAO2
GRHL2	RASEF	0.06973397648360143	0.22540173882730666	776	GRHL2->RASEF
IRF4	IGKV4-1	0.06964759293270686	0.17589542802499408	777	IRF4->IGKV4-1
HOXA6	HOXA9	0.06963073242778973	0.2314735969937583	778	HOXA6->HOXA9
HNF4A	CDH17	0.06960769650571297	0.21347101800829493	779	HNF4A->CDH17
HNF4A	MYO7B	0.06959455214682536	0.2637787040611176	780	HNF4A->MYO7B
NR1I3	UGT2B4	0.06957636308018106	0.2299858004051333	781	NR1I3->UGT2B4
AGT	ALB	0.06955223347092843	0.14255386879662907	782	AGT->ALB
HNF4A	RBP4	0.06952590680628278	0.2036193935055043	783	HNF4A->RBP4
ZNF124	HIST1H3G	0.06951223171626933	0.1703807884588564	784	ZNF124->HIST1H3G
RFX4	TTYH1	0.06940959738999383	0.26683742971534136	785	RFX4->TTYH1
TRIM29	CALML3	0.06940010254127334	0.20611910998136562	786	TRIM29->CALML3
PAX5	CD19	0.06939445850564616	0.25131243020399974	787	PAX5->CD19
POU5F2	MIR3609	0.0693912247802891	0.22179929391790804	788	POU5F2->MIR3609
HNF1A	SLC3A1	0.06938175920705142	0.22174876246694902	789	HNF1A->SLC3A1
ZNF124	SNORD116-19	0.06931424962641541	0.2100444934974844	790	ZNF124->SNORD116-19
CX3CL1	IGLL1	0.06929189476666549	-0.11695705788209469	791	CX3CL1->IGLL1
GRHL2	GYLTL1B	0.06928786368598885	0.21581518410743109	792	GRHL2->GYLTL1B
GRHL2	MUC20	0.06927160822083046	0.1861712023105062	793	GRHL2->MUC20
POU5F2	SNORA12	0.06926698914599563	0.21520534923823276	794	POU5F2->SNORA12
PAX5	CR2	0.06920988488937828	0.1599323091843107	795	PAX5->CR2
OVOL2	GALNT3	0.06920279217748085	0.2088058296214123	796	OVOL2->GALNT3
HNF4A	BAIAP2L2	0.0691750028988451	0.2347949329023222	797	HNF4A->BAIAP2L2
IRF4	IGKC	0.06914364603014761	0.17883659449629713	798	IRF4->IGKC
POU5F2	RN7SL648P	0.06909509178463925	0.2770048063950744	799	POU5F2->RN7SL648P
ZNF124	HIST1H2BO	0.06907441188406577	0.18371085596035613	800	ZNF124->HIST1H2BO
HNF4A	ENSG00000235142	0.06903805878775778	0.1996385658913533	801	HNF4A->ENSG00000235142
PTPRN	SCG2	0.0689963968596471	0.25165851780170484	802	PTPRN->SCG2
EMX2	PAX2	0.06899465307128198	0.21244714371081913	803	EMX2->PAX2
ZNF460	SNORD94	0.06890847491080403	0.20971733919088908	804	ZNF460->SNORD94
CIITA	HLA-DMB	0.06889826100984676	0.25523317199460777	805	CIITA->HLA-DMB
GATA1	AHSP	0.06884791182888654	0.23761037464639784	806	GATA1->AHSP
GRHL2	CGN	0.06881897894707088	0.21790729167744288	807	GRHL2->CGN
NR1H4	LBP	0.06875282757716375	0.1713951912925495	808	NR1H4->LBP
HOXB5	HOXB7	0.06872609532966871	0.2422898145289541	809	HOXB5->HOXB7
AGT	FGL1	0.06871077375770142	0.14617828325099794	810	AGT->FGL1
GRHL2	ERP27	0.06870289362791773	0.16784433093372955	811	GRHL2->ERP27
SFN	KRT1	0.06870199875086819	0.1317923925394527	812	SFN->KRT1
SFN	CRCT1	0.06870054243040345	0.1509051351842606	813	SFN->CRCT1
HNF4A	ACE2	0.06867584710398757	0.2005952534558157	814	HNF4A->ACE2
ZNF124	SNORA34	0.06865006573334122	0.1923930771273296	815	ZNF124->SNORA34
NKX2-1	TPO	0.0686465984545281	0.1356679746245987	816	NKX2-1->TPO
CERS3	CALML3	0.06864019391375176	0.2596609163915786	817	CERS3->CALML3
FOXA1	CYP2B7P	0.06859322998994803	0.18069057242516762	818	FOXA1->CYP2B7P
TP63	ANXA8	0.06856753210183056	0.24486411038668407	819	TP63->ANXA8
CERS3	SPRR2G	0.06854551573311786	0.22643708366526746	820	CERS3->SPRR2G
PAX8	DCDC2	0.06853988314621687	0.24184038254254975	821	PAX8->DCDC2
NR1H4	LINC01320	0.06849365486346681	0.2030653834366083	822	NR1H4->LINC01320
ZNF124	ENSG00000270722	0.06848304707540157	0.16033993836881105	823	ZNF124->ENSG00000270722
GRHL2	PLEK2	0.06846186885446609	0.19584487820041882	824	GRHL2->PLEK2
CREB3L3	CFHR1	0.06843939895761442	0.20167016506891827	825	CREB3L3->CFHR1
IRF4	IGHV4-59	0.06842442493550775	0.16545458341447108	826	IRF4->IGHV4-59
HOXB8	HOXB3	0.06841879011694807	0.22317885382547836	827	HOXB8->HOXB3
NR1H4	RBP5	0.06838601845167354	0.24557178310896302	828	NR1H4->RBP5
IRF4	IGKV3-20	0.06837382106894505	0.17937703520879003	829	IRF4->IGKV3-20
CERS3	GJB6	0.06834659098900653	0.27978344620672596	830	CERS3->GJB6
POU5F2	SCARNA21	0.06827856482920681	0.21259090577279563	831	POU5F2->SCARNA21
AGT	VTN	0.06820249117316869	0.1479052615851973	832	AGT->VTN
SOX17	EMX2	0.0681777032249728	0.257930294853643	833	SOX17->EMX2
HNF4A	GLYAT	0.06809288452556737	0.16624597767774274	834	HNF4A->GLYAT
IRF6	ESRP1	0.06798148627742638	0.2286174773261622	835	IRF6->ESRP1
IFI27	ISG15	0.06796549347974551	0.2439334600284922	836	IFI27->ISG15
CERS3	GBP6	0.06795695986279483	0.2629023360004337	837	CERS3->GBP6
POU5F2	HIST1H2AB	0.06789682174746464	0.19274108640559964	838	POU5F2->HIST1H2AB
PAX1	CCL25	0.06788686942811574	0.24889778599400264	839	PAX1->CCL25
IRF4	IGHV3-21	0.06787803500483357	0.16584600592156098	840	IRF4->IGHV3-21
IRF6	EPHA1	0.06786209164440803	0.22451798566901857	841	IRF6->EPHA1
SPDEF	MLPH	0.06785734265124177	0.27090201033621547	842	SPDEF->MLPH
OVOL2	CDC42BPG	0.06781973097675095	0.22827539938860936	843	OVOL2->CDC42BPG
POU5F2	HIST1H3I	0.06781375961297899	0.2004077060136835	844	POU5F2->HIST1H3I
ZNF90	ZNF486	0.06777412114026148	0.24387828795397723	845	ZNF90->ZNF486
HNF4A	LINC00261	0.06774095011963374	0.1640350115449402	846	HNF4A->LINC00261
IRF4	IGLC2	0.06773252333733433	0.1762572724097134	847	IRF4->IGLC2
ZNF805	SCARNA6	0.06773160382190188	0.1751684588124483	848	ZNF805->SCARNA6
FOXA1	AGR2	0.06773127561158764	0.25253285165890327	849	FOXA1->AGR2
IRF4	IGHV3-15	0.06771861563068021	0.16186225432080872	850	IRF4->IGHV3-15
