cell name	gene 1	gene 2	gene 3	gene 4	gene 5	gene 6	gene 7	gene 8	gene 9	gene 10	gene 11	gene 12	gene 13	gene 14	gene 15	gene 16	gene 17	gene 18	gene 19	gene 20	gene 21	gene 22	gene 23	gene 24	gene 25	gene 26	gene 27	gene 28	gene 29	gene 30	gene 31	gene 32	gene 33	gene 34	gene 35	gene 36	gene 37	gene 38	gene 39	gene 40	gene 41	gene 42	gene 43	gene 44	gene 45	gene 46	gene 47	gene 48	gene 49	gene 50	gene 51	gene 52	gene 53	gene 54	gene 55	gene 56	gene 57	gene 58	gene 59	gene 60	gene 61	gene 62	gene 63	gene 64	gene 65	gene 66	gene 67	gene 68	gene 69	gene 70	gene 71	gene 72	gene 73	gene 74	gene 75	gene 76	gene 77	gene 78	gene 79	gene 80	gene 81	gene 82	gene 83	gene 84	gene 85	gene 86	gene 87	gene 88	gene 89	gene 90	gene 91	gene 92	gene 93	gene 94	gene 95	gene 96	gene 97	gene 98	gene 99	gene 100	gene 101
cell 1	437	62	191	89	0	7	197	287	29	176	339	169	15	33	41	32	91	915	6	15	127	1345	484	0	136	771	120	0	71	9	676	15	335	11	7	40	319	61	202	0	23	191	118	1229	767	187	6	282	47	108	155	535	99	587	84	83	0	0	264	810	160	0	696	0	0	26	176	142	503	0	122	0	293	43	0	33	0	65	0	10	118	787	102	701	88	19	4	0	0	117	572	432	1	207	0	25	324	247	6	948	267
cell 2	760	617	183	317	26	624	510	190	236	57	355	1163	153	636	304	240	289	240	473	53	662	375	378	908	433	196	805	913	143	213	372	0	234	482	201	380	154	787	8	148	269	141	349	62	97	1147	335	950	124	186	78	147	112	826	339	825	243	0	526	340	416	0	864	507	954	125	924	0	376	129	707	151	1198	547	183	0	324	1130	906	543	111	43	140	635	312	349	850	238	167	503	40	175	498	296	93	397	239	1055	125	79	34
cell 3	375	0	231	90	209	12	84	372	12	107	236	191	19	106	29	82	89	724	5	28	46	829	230	0	324	479	65	676	0	14	787	33	803	9	14	113	198	85	251	13	26	202	0	1129	631	156	12	164	99	40	0	340	69	701	24	170	1	6	394	1109	440	92	609	221	134	75	238	61	859	3	108	21	0	87	26	0	1	114	317	22	84	627	27	588	37	56	12	0	14	53	432	338	5	508	94	35	139	329	0	683	126
cell 4	981	490	269	347	87	209	610	340	157	150	665	634	148	211	264	100	238	619	128	33	610	1324	893	466	380	709	509	1115	0	67	716	0	394	199	47	176	275	324	0	201	126	225	350	330	474	1085	96	1164	60	300	233	555	0	993	542	350	52	83	582	672	382	76	1509	0	561	62	699	306	679	38	466	0	1284	225	163	268	64	413	722	143	214	269	325	1367	459	132	194	142	141	547	189	437	90	297	75	140	506	794	48	437	103
cell 5	667	322	312	234	81	114	450	332	53	213	0	0	63	96	183	60	259	930	0	0	396	1344	846	315	250	1102	366	1147	57	34	741	63	387	89	41	122	511	157	137	69	54	338	318	601	775	621	51	812	70	266	216	544	145	1056	335	233	21	49	466	630	271	0	1083	293	365	34	397	228	605	18	314	27	765	175	91	181	31	0	546	74	263	520	275	1382	316	119	0	0	75	389	255	350	47	0	58	63	461	554	0	557	126
cell 6	0	48	178	39	77	3	132	169	0	0	330	71	6	13	41	15	50	786	2	9	65	1080	386	46	111	726	0	481	20	0	435	0	262	1	5	0	207	28	341	29	0	216	84	1117	775	119	8	211	17	97	168	481	62	393	64	59	0	6	0	0	0	0	500	0	74	14	113	93	267	2	60	2	184	0	0	15	1	28	118	10	127	903	89	508	77	22	0	12	6	80	451	0	0	96	17	11	280	0	6	927	156
cell 7	700	544	120	302	23	440	293	182	193	41	307	1040	308	0	229	253	186	174	546	67	463	232	206	662	534	129	380	743	78	0	325	483	378	469	333	623	87	914	22	95	275	105	190	37	63	1181	283	706	117	73	75	44	62	666	0	668	231	229	616	335	462	251	0	412	791	197	1232	46	457	113	765	169	937	617	112	914	318	1447	968	554	59	0	102	667	183	366	842	367	0	0	17	131	458	332	145	537	183	1130	76	56	20
cell 8	721	873	121	376	8	730	517	129	161	0	432	939	273	387	361	116	321	155	598	71	700	289	358	974	311	203	599	741	123	198	277	299	167	731	142	288	154	654	0	182	264	0	333	42	112	1295	482	1100	0	177	70	0	88	693	456	628	318	0	376	246	243	97	793	394	1064	0	747	83	302	260	586	85	1205	436	211	503	330	1010	792	550	145	40	259	678	510	198	807	176	164	594	22	158	0	168	78	441	306	1002	155	0	37
cell 9	680	307	73	357	29	312	226	208	168	32	270	1029	193	1131	177	303	0	211	343	115	309	0	152	522	697	0	271	714	100	85	332	518	542	390	217	747	0	836	18	0	318	83	0	0	55	756	307	521	0	47	85	63	58	652	0	1035	122	126	590	464	730	299	743	484	764	0	0	0	420	62	534	289	914	735	101	1050	201	1343	1058	528	0	41	0	650	119	514	782	0	267	0	21	128	387	378	128	519	141	1274	53	0	19
cell 10	877	445	124	391	34	373	0	0	217	30	343	1050	221	874	198	283	0	0	510	119	410	243	0	681	641	141	514	686	119	190	296	536	449	605	182	661	106	673	8	0	269	130	285	0	87	1224	376	671	159	0	58	61	72	658	136	942	200	233	601	352	418	260	722	513	799	202	1268	38	433	136	702	130	985	669	118	973	293	1335	1151	546	0	31	88	618	129	259	731	260	235	295	33	150	454	396	145	556	189	1312	74	62	25
cell 11	288	39	196	66	83	0	136	0	0	125	0	97	18	21	0	33	71	832	5	0	68	1199	450	54	121	814	87	661	40	0	540	0	0	6	0	21	0	37	303	11	5	161	126	1160	753	150	0	0	24	109	0	626	78	490	81	55	0	3	154	512	86	27	546	107	75	13	120	137	329	1	77	8	212	29	59	30	2	32	132	11	0	972	88	487	92	19	8	15	10	105	520	404	5	160	29	19	270	202	6	1023	0
cell 12	222	0	213	44	174	0	108	218	0	203	0	106	0	18	39	19	71	788	3	11	72	1048	408	39	130	856	95	595	34	1	0	7	255	10	4	32	255	51	318	26	0	202	112	1294	791	0	10	242	0	91	141	678	88	357	82	54	1	5	140	473	136	21	545	98	0	0	124	90	346	0	0	2	216	31	0	16	3	39	0	7	0	859	84	529	103	22	0	0	18	84	527	286	0	0	31	19	0	182	5	904	235
cell 13	199	931	26	235	0	1075	210	20	113	4	129	0	262	191	317	29	124	0	1029	10	467	40	96	618	71	21	355	163	55	149	27	222	29	897	142	84	22	286	1	70	182	19	127	1	7	626	461	399	17	66	0	8	23	138	239	0	634	329	0	28	43	18	201	131	411	13	306	7	48	326	315	35	636	135	95	384	871	596	313	545	36	0	118	166	233	95	1413	88	0	297	3	25	979	38	0	201	0	337	107	3	0
cell 14	791	719	148	367	22	539	415	174	182	0	263	1193	321	600	314	0	343	227	640	82	650	307	318	654	555	160	485	735	150	163	0	423	330	469	0	443	0	839	6	113	306	113	274	46	73	1129	273	877	96	106	87	77	50	710	273	779	230	218	481	287	469	204	819	522	920	159	1133	65	381	148	675	170	1269	591	162	682	359	1343	948	640	107	43	102	783	232	382	843	0	156	0	24	173	404	335	107	488	0	1205	74	65	0
cell 15	578	121	294	0	97	40	309	376	36	168	458	342	41	128	105	63	146	892	20	53	0	1288	535	149	342	915	206	1120	40	11	0	0	533	43	18	128	324	0	230	31	46	255	0	1093	634	367	31	656	110	145	203	594	129	1126	155	232	0	14	355	844	351	66	1158	269	244	46	370	139	613	11	226	33	507	147	0	0	11	151	407	35	151	698	159	1024	160	70	23	49	0	215	447	395	15	353	84	76	386	472	23	732	217
cell 16	676	1069	128	313	12	807	607	98	214	0	333	837	306	326	359	79	375	129	640	0	765	318	359	999	284	185	693	727	0	234	0	0	141	633	0	0	159	550	7	117	223	105	0	27	76	1415	308	1049	73	173	0	72	0	557	499	438	357	348	386	186	175	90	944	384	897	57	763	48	196	204	619	87	1446	344	247	534	0	867	709	551	114	31	221	0	384	120	1041	254	165	628	17	0	630	182	0	266	312	813	101	0	20
cell 17	919	819	254	382	38	400	0	286	232	0	609	1022	207	386	369	128	0	396	326	50	0	638	710	794	464	454	657	1178	179	91	470	232	400	358	101	272	0	515	42	90	183	168	488	181	231	1318	226	1279	100	216	0	204	115	1021	473	525	115	106	602	491	0	133	1028	539	854	0	813	120	513	94	563	99	1481	365	0	512	173	790	822	0	140	124	300	1225	471	178	490	244	0	537	97	313	288	335	104	252	0	1038	170	159	65
cell 18	678	1004	0	359	9	895	445	72	225	26	323	1132	0	0	397	78	364	118	0	0	802	220	320	1022	290	168	621	613	136	209	181	229	110	667	138	198	92	512	0	0	298	86	285	0	64	1279	329	999	34	164	50	74	34	543	518	460	369	299	301	0	162	54	0	288	910	40	746	41	185	197	661	64	1120	303	269	695	528	841	643	0	105	26	205	585	454	162	945	189	169	681	13	123	663	134	33	358	320	691	0	33	21
cell 19	408	0	262	0	174	19	172	416	31	203	372	264	22	105	59	76	145	895	11	51	0	1182	433	92	262	0	113	806	0	11	783	31	522	14	0	113	311	106	247	0	33	263	171	931	750	228	25	367	103	0	302	496	0	751	0	154	3	0	346	1010	360	95	1014	0	179	51	330	0	662	3	137	19	296	88	50	80	2	101	434	45	146	740	54	835	0	53	16	52	39	116	542	503	10	391	83	56	244	440	14	834	175
cell 20	451	379	186	194	19	99	487	134	57	222	485	383	73	30	233	0	191	470	52	6	481	1062	1144	347	110	991	396	882	112	14	366	20	136	56	26	33	384	99	86	121	37	174	268	550	502	581	52	956	22	493	97	420	146	752	749	0	0	31	0	255	79	17	804	193	367	17	191	104	241	30	316	7	845	47	184	64	19	99	297	47	294	374	615	899	567	43	0	0	64	625	254	361	32	123	25	52	698	0	33	448	139
cell 21	756	0	330	135	0	0	344	432	38	220	451	433	44	109	80	119	0	788	21	0	276	1557	721	196	366	841	202	1271	73	0	838	63	571	0	27	128	394	165	0	77	0	310	303	710	745	0	36	641	0	166	299	0	130	1065	175	0	4	31	410	884	324	92	1156	359	350	48	381	194	609	0	238	15	704	0	120	147	12	226	508	44	188	638	143	1023	222	132	0	71	0	250	337	503	19	336	97	86	351	0	32	722	138
cell 22	549	351	216	184	27	107	618	203	42	0	550	328	55	32	215	0	231	551	58	6	443	1193	1031	344	123	979	437	991	69	22	446	38	176	64	0	45	535	123	105	0	30	240	278	450	516	592	42	1026	25	406	106	556	175	723	689	0	0	24	257	305	112	24	763	220	0	17	210	0	238	0	0	13	780	0	213	91	0	125	353	57	300	376	498	944	0	45	58	41	70	573	256	331	34	147	29	0	0	369	56	436	152
cell 23	863	474	338	368	88	289	666	314	131	114	0	792	0	317	361	121	352	484	226	50	613	975	657	621	399	579	570	1258	137	58	598	147	386	213	64	253	337	421	71	211	0	250	465	298	398	1210	206	1349	87	0	0	362	149	1117	459	460	0	102	453	566	324	119	1263	418	661	74	805	136	595	92	468	0	1417	262	151	393	113	506	939	252	209	173	314	1096	399	175	0	0	165	510	143	324	0	321	100	228	483	979	45	295	127
cell 24	683	137	399	213	199	0	347	474	0	159	462	430	0	193	105	127	212	950	34	36	228	1188	610	0	456	752	306	1300	126	23	1073	54	618	43	31	197	328	174	227	41	81	235	322	736	623	566	31	560	123	119	292	383	96	1026	138	347	14	24	468	1189	529	117	1191	0	0	83	559	194	857	8	0	36	660	153	90	204	18	273	673	96	0	636	129	1102	152	118	0	75	64	238	319	565	30	512	140	131	301	761	0	0	157
cell 25	540	0	203	0	36	90	666	172	60	354	632	332	0	61	199	17	229	565	53	0	542	1104	1234	331	123	988	385	1069	94	18	397	0	181	73	21	0	349	173	81	81	18	0	284	515	536	661	0	971	25	529	105	507	113	725	640	123	15	46	346	342	109	0	1030	213	340	18	278	288	266	27	324	15	803	75	187	0	28	149	344	0	0	401	599	917	678	0	73	58	0	501	242	397	42	148	27	53	638	328	50	418	151
cell 26	338	311	45	218	7	351	106	0	0	0	121	770	128	1021	119	298	0	48	495	121	223	0	62	393	0	0	183	268	55	142	135	377	258	585	181	688	36	724	6	44	271	43	0	7	17	598	434	231	134	18	19	13	40	188	48	864	221	0	299	179	335	298	246	303	553	134	914	30	0	76	348	171	522	513	0	893	281	1248	497	597	0	5	26	234	63	345	1015	298	177	88	2	34	542	175	112	588	76	742	0	0	0
cell 27	731	404	139	356	0	311	227	215	201	16	284	1125	159	1225	179	268	0	203	334	125	373	226	124	488	845	127	0	0	99	0	365	492	446	412	152	963	102	769	0	64	289	150	315	37	53	677	0	474	195	0	97	0	0	553	83	951	124	174	762	488	630	0	725	0	754	230	1314	0	481	83	484	134	891	695	76	864	172	1368	1008	443	54	47	0	551	0	352	0	263	114	228	15	151	374	415	137	539	140	1326	92	59	36
cell 28	512	1108	65	246	1	916	503	55	165	32	292	804	457	277	440	90	306	66	982	0	780	174	346	1080	172	117	756	567	91	197	0	262	69	815	184	0	85	482	2	191	183	61	244	24	0	1232	381	985	46	176	36	42	33	382	495	372	426	357	0	0	0	0	531	259	749	53	539	20	119	263	534	62	1005	0	168	420	439	780	588	530	128	0	205	412	487	165	1134	207	0	650	7	59	883	106	23	285	224	672	168	28	7
cell 29	496	99	0	74	191	31	0	333	37	168	400	0	44	101	49	77	153	1063	0	34	193	1305	538	0	0	953	119	959	0	7	694	32	501	29	20	101	364	119	204	37	34	213	293	1093	934	342	0	468	52	150	230	504	0	905	141	206	1	14	356	854	0	61	955	226	213	56	267	98	679	11	0	30	387	113	0	116	3	125	431	18	160	740	107	815	102	57	17	0	42	0	330	507	19	381	74	62	356	472	19	773	121
cell 30	0	365	216	176	65	112	662	209	47	261	573	396	89	41	200	24	0	496	0	10	574	1104	1175	340	0	1013	0	1014	0	0	400	0	198	0	0	0	330	102	74	136	74	254	268	484	523	770	40	883	30	516	0	476	131	766	701	145	0	49	262	327	109	19	947	187	319	7	261	199	347	28	256	10	750	82	189	89	0	127	365	70	0	406	534	877	585	62	0	50	79	541	261	333	41	100	33	82	542	430	63	513	150
cell 31	447	54	211	76	0	16	146	413	16	137	311	249	20	87	54	64	106	858	10	42	89	1200	0	87	341	587	132	867	0	5	817	0	663	12	12	112	298	111	312	15	20	295	116	0	662	0	13	279	0	66	272	412	0	689	58	204	2	8	328	937	378	96	950	0	0	60	298	0	968	0	159	13	322	0	34	98	4	108	405	21	0	682	43	742	61	83	17	29	24	87	462	430	9	436	88	0	225	413	0	745	150
cell 32	720	812	154	316	15	691	511	167	200	0	383	1217	489	445	373	0	436	167	545	59	606	354	370	843	415	245	911	1001	120	169	331	277	0	527	162	0	146	0	0	185	244	134	372	0	121	1278	346	1019	0	216	0	121	79	759	427	497	244	229	551	292	243	147	999	421	908	98	936	91	399	181	611	0	1316	375	203	580	315	1046	944	477	109	0	239	649	319	232	0	230	0	517	35	151	590	261	0	324	0	839	94	81	42
cell 33	741	507	131	367	10	459	240	161	154	0	355	1104	0	810	284	275	254	162	643	92	492	202	200	729	494	0	444	657	0	186	318	532	362	524	182	631	102	643	14	111	377	96	396	41	58	971	347	671	0	73	75	62	81	578	118	835	244	184	470	385	451	248	747	442	819	186	1050	0	427	125	616	0	1081	535	118	893	246	1184	902	591	0	26	87	0	194	405	843	344	118	360	33	126	487	270	0	469	213	1255	100	52	31
cell 34	776	454	0	214	84	0	586	364	155	185	599	728	111	208	257	132	320	605	110	61	505	1196	771	544	0	835	572	1342	134	72	670	129	560	158	76	0	359	337	100	119	0	254	447	430	0	951	120	1135	92	303	214	399	0	1139	353	407	0	96	676	655	394	154	1510	453	590	85	655	209	683	51	324	62	1159	245	0	267	48	431	714	172	259	0	222	1424	412	242	153	155	128	426	187	430	99	369	61	169	483	1020	0	438	166
cell 35	0	95	297	118	85	32	217	464	28	190	434	298	56	88	70	0	142	855	12	34	148	1107	541	140	241	821	153	801	43	11	829	25	471	25	0	98	333	110	178	26	33	233	240	1015	888	330	21	455	68	153	0	441	124	873	123	159	5	10	406	886	334	57	1006	0	193	0	299	89	591	0	191	12	413	102	44	95	8	117	0	26	178	845	113	877	133	83	27	0	29	123	408	409	9	291	59	63	317	354	19	735	200
cell 36	710	407	0	259	0	174	710	263	94	194	606	501	132	98	0	0	0	577	62	0	532	1166	948	0	198	977	494	1030	129	37	606	81	271	101	49	113	0	180	80	185	72	266	354	377	622	798	86	1115	27	341	162	360	165	1046	534	213	33	78	443	0	207	37	1214	339	490	38	451	145	400	38	410	29	890	153	150	0	36	268	634	122	260	341	445	1010	395	102	101	103	139	523	261	0	92	284	58	125	574	623	121	437	194
cell 37	964	0	250	344	0	0	639	0	79	0	545	769	137	267	254	112	0	550	0	40	492	1137	805	559	380	756	574	1525	125	78	639	135	437	222	0	237	449	388	103	0	0	259	341	295	415	988	130	1142	92	274	155	375	0	1225	437	0	40	83	602	706	395	130	1229	521	602	84	742	169	609	29	378	48	1256	280	220	335	68	517	788	0	0	0	281	1212	412	182	241	146	127	520	170	357	0	408	74	0	470	858	75	359	0
cell 38	528	85	246	143	166	0	277	326	0	166	350	289	28	78	74	63	97	1038	15	29	179	1273	497	120	321	922	174	906	0	0	865	20	0	24	25	118	0	144	276	45	0	309	203	1187	739	340	27	394	70	124	0	654	0	829	111	171	1	12	312	949	313	57	1020	276	261	37	350	124	685	2	177	13	435	113	85	76	2	127	447	36	139	648	140	853	140	0	0	53	43	142	408	512	13	289	70	69	347	461	0	666	179
cell 39	703	262	355	252	73	133	618	192	72	167	510	0	118	92	261	61	213	524	79	23	581	1198	1160	414	190	904	593	1223	107	46	516	49	232	79	0	0	413	207	89	0	59	302	322	427	579	723	57	1046	0	384	182	587	160	743	0	232	21	62	392	370	174	0	1093	249	507	0	446	190	458	29	313	16	1051	101	0	151	0	216	492	59	293	442	487	1002	628	67	103	84	120	632	0	437	0	183	0	85	566	499	57	0	135
cell 40	802	472	97	290	31	514	226	181	278	0	339	1129	280	780	238	0	229	176	500	125	475	268	214	660	613	0	337	772	0	121	300	442	0	561	147	524	0	733	15	89	372	117	231	49	68	1052	0	684	119	115	61	68	35	680	141	860	222	244	573	331	491	228	675	465	831	200	1118	31	409	102	585	0	1009	0	124	761	0	1149	1058	552	63	30	113	650	152	269	832	294	0	0	0	107	0	298	134	0	168	1097	107	43	21
cell 41	338	0	211	42	74	0	164	208	18	244	265	131	16	36	34	23	84	862	5	13	80	1257	427	66	0	751	0	710	65	3	525	4	341	7	8	40	295	63	249	16	13	148	163	1427	986	148	4	273	31	118	219	575	57	453	80	95	4	0	286	685	193	32	620	91	106	13	123	93	364	0	87	3	248	42	0	27	3	48	227	0	107	889	108	884	0	23	8	12	22	105	623	280	4	162	0	0	326	211	6	995	181
cell 42	1044	566	293	311	56	340	764	402	186	135	705	812	257	0	333	185	412	478	211	0	769	854	799	775	478	629	596	1218	0	100	582	0	424	0	96	248	376	475	74	170	185	239	412	229	314	1255	181	1210	75	260	130	308	0	977	463	515	71	0	572	573	0	119	1441	468	767	61	817	115	559	96	544	0	1145	396	135	409	0	578	869	249	171	227	301	1113	438	164	300	170	163	603	0	328	151	440	86	0	441	1004	101	251	101
cell 43	814	508	0	408	0	277	552	0	75	167	669	751	126	0	294	173	316	578	179	63	568	840	736	541	462	584	526	1103	172	78	676	162	354	0	69	228	314	440	87	94	129	275	439	375	435	1027	101	1114	87	288	179	344	145	1368	447	425	61	87	578	628	456	92	1330	0	646	76	759	0	632	65	486	45	1121	0	257	350	79	597	809	213	196	234	320	0	389	210	249	109	91	536	151	443	127	0	81	267	494	949	102	299	0
cell 44	534	1036	62	290	5	909	371	0	211	30	295	792	237	306	384	0	277	96	907	0	788	178	281	902	168	116	837	471	119	218	123	222	0	820	131	153	65	366	4	153	0	69	201	0	39	1055	354	887	33	147	13	51	0	356	471	0	301	328	213	100	86	47	479	251	831	0	0	25	0	215	543	54	1225	196	194	0	532	714	505	536	124	9	0	384	401	162	1168	183	265	533	7	79	859	92	41	239	224	603	146	0	13
cell 45	951	553	331	290	73	0	587	292	104	222	561	743	181	217	240	121	419	680	129	35	615	1115	734	609	429	735	528	1421	101	61	659	158	351	153	0	205	390	355	46	157	81	0	400	367	491	1053	176	1048	58	279	164	297	161	952	466	413	0	86	579	610	427	93	1313	439	531	78	701	125	617	55	496	35	1149	0	216	291	53	444	691	163	204	278	310	1382	427	121	216	180	119	598	155	428	125	449	72	234	465	767	0	0	121
cell 46	646	116	235	121	103	44	306	364	38	185	398	289	54	108	67	75	172	972	0	41	194	1361	599	0	352	733	0	1075	0	19	909	38	466	33	0	129	365	162	0	35	59	297	251	984	657	397	29	591	53	150	323	605	77	932	160	177	4	21	555	758	310	91	1028	268	274	42	401	167	805	14	0	12	558	115	65	141	0	0	413	37	173	716	140	975	134	0	0	46	41	254	532	0	8	377	97	80	420	511	21	748	192
cell 47	486	84	256	0	145	20	220	456	23	0	413	261	34	81	35	61	159	929	0	0	0	1295	491	0	0	753	0	983	62	18	747	0	469	19	18	87	398	0	226	23	0	227	216	1141	753	282	14	384	61	106	311	412	100	0	106	0	3	18	385	920	287	70	1055	267	226	61	314	155	748	6	146	13	411	102	52	107	0	127	373	35	160	702	0	1002	92	0	0	29	33	99	424	372	0	330	66	0	286	509	10	788	167
cell 48	1084	420	353	0	69	227	548	294	0	123	0	765	0	229	0	110	205	575	173	43	691	1050	687	0	381	725	617	1589	121	53	695	162	455	208	63	240	431	331	57	87	116	237	557	355	464	994	0	1285	0	240	169	271	80	1113	523	399	53	0	584	652	374	113	1211	507	628	70	0	157	581	55	513	56	1263	277	223	332	78	510	804	0	161	247	330	1229	321	160	245	146	0	475	0	398	132	361	0	214	445	848	0	343	118
cell 49	187	1044	19	230	0	1149	378	20	93	22	144	388	187	0	454	19	173	19	855	2	680	80	233	775	54	73	619	179	0	132	46	73	0	665	96	34	49	0	0	138	150	0	113	1	10	753	212	569	12	207	10	22	23	174	0	0	394	357	58	0	23	6	0	85	486	8	209	22	0	0	310	0	585	0	206	160	406	283	198	258	79	7	0	0	696	0	738	84	0	592	3	0	587	21	9	79	0	245	122	7	7
cell 50	280	1272	35	265	1	1174	500	30	135	13	236	0	272	91	503	23	190	0	0	3	840	103	246	947	62	63	538	314	34	126	41	0	24	826	148	55	60	199	1	126	109	46	160	4	0	839	269	579	12	215	12	0	23	208	582	207	0	381	0	24	30	10	322	106	563	15	250	22	59	352	343	20	813	0	171	263	504	422	292	0	77	7	306	248	595	77	910	152	131	646	8	0	734	33	11	107	226	322	110	16	8
cell 51	907	536	260	364	60	273	607	325	125	165	572	789	0	241	334	106	310	0	196	54	662	955	740	611	412	809	660	1351	192	0	581	153	387	232	96	236	401	456	71	218	174	269	346	344	354	1045	124	1310	77	304	0	384	169	1010	477	395	75	0	613	667	398	0	1267	414	725	74	0	143	564	62	485	62	1394	269	0	345	89	655	721	222	215	287	298	1407	390	218	0	120	177	555	129	503	0	437	85	230	603	968	0	337	0
cell 52	606	238	100	191	32	199	115	156	0	7	166	759	105	1351	85	402	146	179	231	191	183	0	72	332	1021	74	206	472	82	112	268	460	642	217	158	1139	65	726	10	31	238	0	154	34	0	624	248	307	184	18	123	42	34	532	50	1091	76	76	428	527	780	0	568	489	567	436	1259	39	517	51	363	123	557	605	43	1004	118	1365	921	387	37	0	24	388	50	439	476	257	67	86	17	118	219	493	211	755	72	984	0	38	12
cell 53	0	440	271	201	76	141	717	193	103	296	662	576	86	100	245	64	243	684	74	31	668	1275	1191	0	241	846	615	1142	90	34	558	50	235	123	44	87	470	0	59	173	65	219	287	433	525	764	88	1065	0	397	172	333	124	816	634	212	0	50	493	451	171	43	1139	313	477	16	410	128	410	31	410	27	1190	0	192	180	53	286	450	91	239	303	363	1099	0	115	0	88	0	596	206	384	0	258	46	97	572	0	0	495	0
cell 54	637	0	73	287	31	217	159	199	140	24	241	958	166	1072	144	382	141	157	305	125	236	210	114	334	856	99	262	631	65	161	399	552	669	337	163	1054	119	765	16	49	0	0	245	46	75	664	237	448	189	36	91	0	37	607	0	1019	124	144	439	453	858	0	691	477	675	368	1477	61	515	43	513	144	850	907	74	904	143	1208	955	513	37	27	44	571	73	508	500	0	102	167	30	100	306	578	0	574	107	1156	51	49	0
cell 55	0	457	105	255	20	316	242	243	0	24	285	1043	234	1077	180	355	0	192	414	106	364	221	0	603	0	133	301	628	91	160	345	510	514	421	148	813	108	777	8	45	0	121	271	44	72	804	452	558	205	67	85	35	37	683	94	918	146	157	726	0	448	354	782	510	746	312	1324	64	425	74	489	145	833	680	0	0	277	1432	954	541	31	0	0	582	118	354	767	342	0	215	21	126	281	0	145	499	135	1078	57	40	18
cell 56	521	359	229	198	39	0	569	218	63	313	507	368	84	40	256	28	175	524	56	14	586	1221	1112	358	131	939	473	891	104	0	368	38	183	60	24	46	422	98	120	135	59	0	254	498	563	677	37	1075	0	395	89	385	137	692	810	156	17	36	270	364	110	24	910	201	336	0	257	60	243	21	216	10	850	70	174	0	37	171	338	57	0	373	493	1015	526	45	67	60	53	0	269	324	42	133	26	30	787	433	79	526	138
cell 57	596	843	89	328	12	828	517	105	0	26	375	830	303	359	437	104	198	0	702	33	870	229	341	987	249	148	791	629	74	185	166	280	118	732	133	236	113	545	8	161	184	54	341	27	67	1318	0	962	36	0	30	63	61	484	430	362	405	326	412	163	182	68	708	376	891	46	662	27	191	258	576	47	1415	299	222	557	527	795	649	530	127	32	263	579	387	0	961	211	142	594	17	127	668	116	31	319	285	753	105	0	0
cell 58	775	424	230	269	70	138	546	269	80	169	736	550	114	138	0	0	233	571	97	0	653	1335	846	477	294	876	575	1275	104	0	584	0	348	126	56	113	0	236	85	143	112	0	289	458	481	852	91	1024	71	408	131	441	143	1012	0	286	39	76	496	534	271	0	1193	307	585	41	482	144	532	53	372	38	1174	178	186	0	53	345	611	135	259	336	450	1050	0	0	142	61	94	571	193	457	95	0	58	177	586	664	43	410	130
cell 59	836	758	143	0	19	501	429	245	176	30	388	1097	193	514	339	177	298	199	547	0	706	332	327	843	532	180	546	776	144	168	364	365	310	640	0	468	137	683	15	59	224	150	303	46	127	1210	0	962	122	173	99	79	82	778	272	730	235	266	532	310	367	172	838	520	923	162	1045	92	372	177	516	125	1202	540	148	643	0	1118	821	609	98	0	149	857	296	405	856	238	216	418	17	146	483	315	128	0	250	1073	124	85	23
cell 60	273	1016	27	213	1	940	244	17	213	0	158	575	347	210	365	0	206	30	1048	9	471	59	0	791	117	49	525	215	52	220	43	203	0	812	148	130	23	0	2	0	130	30	157	0	18	721	316	0	26	103	0	18	18	175	374	287	538	452	141	37	50	0	257	0	582	0	336	0	55	295	374	45	626	164	139	416	711	618	336	564	0	0	0	176	279	124	1263	0	97	336	0	36	754	45	13	0	146	378	100	11	1
cell 61	736	870	169	329	24	641	420	147	224	0	502	1032	291	520	342	181	419	189	633	34	732	419	0	1091	414	0	653	860	0	145	293	273	0	531	150	316	209	475	0	0	248	108	305	63	121	1417	365	1029	92	205	101	131	55	649	401	567	220	0	464	277	0	98	987	460	907	80	1013	59	306	209	496	99	1265	416	171	620	294	1042	789	479	119	45	227	681	432	0	744	253	147	0	30	150	446	266	0	400	303	1060	0	67	22
cell 62	352	0	202	93	176	12	211	0	22	198	331	175	18	0	0	59	56	957	0	17	0	1354	478	111	196	821	149	792	44	5	628	16	417	0	0	0	303	46	216	40	21	201	139	1158	940	321	13	0	53	145	235	503	75	662	96	151	0	5	274	659	226	65	824	0	164	37	0	107	564	5	151	18	343	60	62	59	2	81	317	22	158	811	141	791	0	55	17	30	28	146	584	517	9	271	0	29	318	306	6	899	212
cell 63	490	100	277	0	0	16	236	290	20	176	425	0	0	75	41	60	182	945	7	27	103	1353	463	113	282	998	144	924	0	12	660	35	531	21	10	0	355	106	219	30	38	305	228	1113	722	333	24	484	90	100	0	513	77	905	116	167	2	12	368	765	371	58	824	220	216	36	348	164	684	6	178	24	0	82	0	96	3	123	406	25	128	735	106	876	99	61	13	0	0	174	583	356	14	347	62	55	0	410	0	828	210
cell 64	344	318	128	137	37	0	427	84	13	341	487	217	0	14	170	0	0	424	0	2	446	1053	0	283	52	788	361	733	44	11	228	13	77	0	30	9	254	60	73	0	0	154	222	385	496	403	23	727	12	629	39	387	84	381	705	51	13	24	133	168	0	7	639	83	219	3	95	85	137	19	160	5	611	33	126	0	0	69	0	0	265	333	712	687	577	24	37	25	41	612	162	210	0	0	0	40	531	172	34	352	133
cell 65	555	0	216	224	0	117	678	0	77	295	662	389	0	49	0	49	0	722	44	12	570	1238	1022	341	130	923	531	888	75	0	408	25	193	65	0	55	427	152	117	126	55	194	277	518	547	698	0	1067	18	444	128	460	135	751	655	0	19	45	324	246	145	13	1022	186	0	13	234	61	337	34	231	9	895	75	176	81	0	125	0	54	306	437	571	1070	529	61	59	27	81	522	255	352	0	142	0	56	0	0	61	511	121
cell 66	933	485	385	342	41	227	563	257	72	125	585	807	90	239	0	115	0	628	152	64	663	935	858	553	0	603	509	1219	100	52	648	125	0	215	80	266	393	316	76	111	0	260	458	339	476	0	142	1297	113	256	0	330	0	1128	470	417	60	84	599	702	395	101	1360	505	651	61	740	112	570	43	485	51	1245	291	152	236	65	526	736	205	191	269	0	1363	349	174	236	112	215	522	118	319	116	328	64	173	641	913	114	361	0
cell 67	938	527	228	351	63	230	640	334	164	119	633	899	0	309	330	146	228	526	172	49	624	922	714	561	347	524	684	1314	0	64	637	160	427	224	60	212	411	351	66	189	124	204	0	294	0	1135	0	1341	0	291	0	406	132	1029	432	0	68	91	0	658	452	97	1402	477	724	74	837	0	629	51	517	50	1535	0	152	346	79	575	864	219	224	254	308	1087	347	0	267	168	196	550	0	0	168	385	94	190	430	898	66	307	96
cell 68	0	1013	60	125	9	989	409	0	0	18	0	527	406	106	435	43	230	41	878	9	767	84	270	971	72	71	704	236	58	155	0	160	36	0	0	47	0	280	2	182	155	40	190	0	0	823	269	657	16	198	15	0	27	182	579	172	483	401	117	0	35	3	309	134	553	5	304	26	48	255	0	17	750	89	0	0	486	408	275	395	41	0	0	255	644	0	812	118	141	562	8	54	779	38	7	191	147	378	118	16	0
cell 69	577	130	379	0	125	0	261	352	28	236	349	0	35	89	72	79	107	795	20	33	202	1328	494	130	317	793	225	1011	111	10	796	47	494	25	32	104	420	0	265	27	0	285	254	998	829	360	33	445	51	121	371	583	141	731	130	155	7	10	426	969	359	0	924	0	237	23	300	123	613	0	187	18	471	133	0	0	8	167	355	34	131	645	136	865	153	0	18	41	54	192	387	413	16	351	82	73	374	456	27	787	209
cell 70	636	1054	186	336	27	624	697	152	181	0	452	1036	311	342	496	114	324	177	618	0	979	416	508	990	306	250	654	735	93	178	316	253	0	585	0	195	155	637	11	157	226	120	402	60	132	1462	0	1147	90	247	62	123	78	629	614	554	0	250	520	0	208	83	811	372	0	59	750	52	292	132	597	0	1147	299	252	512	0	805	761	414	181	0	309	700	0	226	0	263	160	697	37	197	516	205	80	334	393	856	144	80	34
cell 71	0	980	126	376	0	691	432	110	193	0	364	956	364	349	387	144	352	137	803	32	710	298	343	970	293	152	767	733	115	248	256	287	163	707	218	290	134	557	8	160	209	91	0	48	101	1448	0	1076	39	210	46	86	51	621	495	488	243	236	379	208	172	70	656	369	859	59	0	64	0	210	508	60	1167	0	216	547	393	991	726	469	118	34	230	589	498	156	1006	245	192	565	19	158	734	0	52	357	336	837	196	50	22
cell 72	586	210	92	235	0	217	173	205	167	0	0	790	151	1406	0	432	184	187	231	200	231	0	100	354	776	79	0	499	73	141	0	603	581	273	141	1073	80	856	13	37	197	85	0	48	48	665	263	363	242	25	0	33	31	619	45	970	77	0	465	525	886	493	707	528	564	429	1306	45	469	62	474	231	697	662	41	1009	122	1040	979	0	33	31	30	428	57	534	553	250	122	143	0	0	0	475	149	479	111	1041	37	59	14
cell 73	312	342	157	0	20	0	418	82	25	249	407	177	71	8	229	0	184	369	42	2	384	1018	1108	277	45	811	377	653	80	17	0	9	67	53	21	0	242	0	61	107	35	105	167	406	481	447	27	667	9	592	67	423	117	403	860	43	6	38	144	145	0	8	598	128	189	3	109	36	149	11	150	6	587	0	138	37	18	68	197	21	334	0	692	647	640	25	0	11	27	548	179	0	24	62	24	21	619	152	28	373	91
cell 74	584	927	139	324	13	700	635	87	162	0	593	853	344	183	394	87	0	177	533	34	868	436	516	1135	0	213	809	797	86	135	268	211	0	584	139	139	181	428	15	156	183	156	412	64	0	1333	322	1041	52	266	61	143	75	560	709	403	170	295	372	175	155	67	942	275	939	47	644	66	262	206	568	0	1434	232	247	489	292	607	688	430	144	50	349	742	673	193	667	0	134	627	38	140	391	154	54	258	379	852	156	70	56
cell 75	756	203	0	215	0	0	367	439	58	200	485	401	0	167	110	139	255	811	49	47	277	1264	591	247	366	848	0	1240	81	21	725	53	537	57	29	165	441	221	204	47	66	321	317	694	700	564	0	605	103	158	253	553	137	967	172	289	13	23	597	922	478	0	1196	337	361	0	623	0	914	10	245	31	846	176	71	179	0	0	533	74	200	516	123	1075	200	156	57	0	62	227	288	443	0	543	83	99	467	640	21	627	172
cell 76	372	352	0	174	0	438	115	82	167	1	105	830	125	1160	125	233	140	53	409	108	233	43	46	360	562	32	263	251	70	196	0	617	205	504	0	735	24	640	1	36	274	37	0	10	0	551	302	291	119	21	26	17	14	246	49	707	0	179	0	0	288	267	311	320	716	182	885	11	208	60	343	114	486	531	61	960	354	1091	705	602	28	10	35	263	45	280	999	286	79	124	2	41	502	207	0	546	68	791	46	9	9
cell 77	0	1082	36	216	3	1087	379	11	0	0	191	355	190	68	377	16	124	17	708	1	601	0	205	870	34	35	739	145	43	117	0	0	11	664	122	37	32	159	0	133	76	25	0	4	16	617	0	564	0	172	6	0	0	164	572	135	407	295	81	0	0	8	266	102	421	2	183	27	46	317	332	15	617	0	165	156	522	292	245	326	0	0	0	170	691	37	716	90	77	447	1	0	511	18	14	0	174	234	117	0	5
cell 78	789	1042	189	454	0	668	0	167	213	56	443	966	339	442	384	139	291	231	530	0	752	363	449	1003	363	287	611	957	112	133	261	302	245	675	194	328	121	504	14	151	211	171	339	71	126	1310	282	1114	79	202	87	138	53	805	413	0	201	206	417	291	298	140	838	422	1047	0	982	31	331	196	618	104	1305	0	151	671	275	1127	765	503	129	66	227	889	367	0	808	248	99	482	28	207	599	288	71	467	337	971	132	77	40
cell 79	657	461	275	260	81	138	599	254	59	197	674	434	96	70	215	0	0	522	77	13	512	1218	1100	390	181	827	464	1081	118	33	569	44	249	92	27	76	377	177	105	123	0	286	323	467	537	775	67	1103	24	381	106	436	89	727	0	218	24	53	336	452	167	36	1176	281	538	17	328	79	394	0	283	18	1042	112	181	0	32	187	522	0	322	384	486	1199	578	83	107	62	117	628	243	455	54	267	49	70	625	546	44	0	0
cell 80	797	271	355	240	72	0	516	326	95	144	482	596	0	162	168	127	305	709	52	60	427	1262	0	354	0	905	460	1438	141	25	842	0	494	0	64	210	368	268	143	52	72	0	324	620	510	724	94	981	104	283	204	501	132	1012	0	330	25	66	586	777	380	104	1274	0	535	63	553	230	656	25	335	36	933	191	122	201	32	327	682	121	0	362	228	1218	241	167	0	0	111	331	253	428	0	412	0	152	474	684	0	0	153
cell 81	707	792	152	409	25	690	626	161	142	58	483	978	277	366	453	88	0	212	0	0	858	376	487	811	331	259	844	950	130	136	290	261	226	0	0	219	135	505	12	144	177	100	401	40	137	1411	309	1211	61	310	72	124	79	716	556	537	285	224	384	212	217	0	1004	0	854	66	647	106	298	176	0	71	1253	300	0	527	306	890	715	455	149	52	333	833	458	191	705	229	0	621	35	234	440	176	0	243	315	952	263	78	25
cell 82	762	167	222	0	82	0	439	343	88	160	451	506	63	162	116	106	216	797	36	55	302	1416	631	216	397	659	0	1284	104	20	762	0	774	60	0	190	311	240	183	59	60	337	275	804	675	582	0	659	0	200	0	616	102	955	193	238	7	31	517	887	337	0	1250	312	388	60	529	0	764	17	273	31	738	196	143	166	22	248	582	79	136	516	153	1055	227	96	74	51	62	261	368	524	44	379	114	0	334	631	26	669	193
cell 83	618	337	188	213	77	110	592	0	86	231	639	357	86	43	216	24	279	488	50	10	507	1270	1104	283	0	944	481	969	0	38	461	38	167	72	33	38	0	130	0	203	40	222	387	490	647	658	59	954	23	474	137	441	156	784	621	148	19	40	0	332	143	0	996	167	347	0	223	97	273	34	217	0	863	76	0	0	32	160	374	58	316	318	458	809	688	35	50	44	84	469	241	430	43	139	34	40	552	405	43	493	166
cell 84	947	533	305	399	0	250	660	406	0	174	0	967	212	333	275	138	360	503	205	48	811	828	664	656	393	600	555	1321	228	80	590	155	397	259	113	254	277	377	0	117	130	247	563	218	355	1276	184	1203	0	0	142	330	93	1119	448	457	86	124	601	663	407	135	1344	467	721	84	740	125	626	83	552	57	1279	323	243	429	111	694	936	273	267	206	236	0	425	239	349	237	141	615	101	382	211	342	0	0	471	842	83	260	93
cell 85	474	82	207	67	0	11	175	396	0	0	280	141	0	50	0	25	0	687	7	11	111	1164	0	69	0	807	100	850	35	2	638	13	368	14	8	0	0	73	278	35	10	0	0	1289	819	221	0	377	36	126	346	549	0	619	85	98	4	5	294	643	236	34	756	160	144	0	0	0	586	4	101	10	287	61	38	65	0	67	220	23	134	911	88	669	102	30	20	22	29	122	557	447	8	0	0	19	323	0	19	918	184
cell 86	765	905	155	287	15	739	611	151	186	49	423	998	410	365	426	142	480	259	427	39	751	0	484	1112	283	229	597	823	103	174	322	305	186	454	0	245	164	497	7	191	231	0	462	0	95	1173	295	1101	61	220	0	169	90	658	0	522	205	0	497	241	226	90	1016	350	889	56	756	60	284	237	577	75	1424	337	231	487	0	774	782	393	152	0	261	786	554	0	853	226	168	639	0	0	532	240	55	297	405	821	237	0	58
cell 87	463	715	51	336	7	974	0	0	182	27	0	785	255	292	465	72	278	104	834	18	724	177	313	1113	0	131	610	442	87	194	147	277	100	705	228	156	0	0	8	168	196	40	288	10	0	1186	0	0	40	195	0	52	37	410	558	410	464	354	221	90	108	55	555	241	753	24	513	52	127	206	522	55	972	283	174	464	463	820	569	509	75	12	247	476	416	0	1039	154	249	475	0	102	740	96	32	217	239	635	201	19	0
cell 88	908	480	309	347	74	213	610	288	89	0	633	735	158	212	298	134	248	571	138	52	558	1104	770	604	408	651	624	1286	115	45	604	139	431	170	92	219	263	0	78	106	145	254	361	328	383	1151	153	1027	118	250	193	368	172	1143	450	377	42	103	522	606	370	105	1411	534	680	85	811	80	578	59	479	53	1349	290	198	399	65	585	814	206	176	0	318	1520	374	161	0	133	183	496	167	0	0	386	112	173	561	1089	95	317	83
cell 89	487	108	0	133	123	22	0	415	27	0	386	260	46	89	66	68	143	1067	16	0	197	1340	491	143	266	763	138	1043	80	12	767	29	0	24	17	117	352	0	338	36	19	270	286	1074	612	334	0	471	61	162	345	596	87	0	136	0	4	8	0	941	292	0	966	268	219	37	328	183	614	4	185	14	483	97	51	0	6	139	455	28	186	948	107	972	0	75	31	50	55	138	510	0	9	279	115	60	325	393	25	859	191
cell 90	704	802	84	442	21	688	0	129	268	43	295	985	346	352	377	142	347	155	624	31	738	0	350	1083	283	184	704	742	159	189	236	222	147	669	116	0	124	546	10	149	321	111	378	34	98	1483	467	1102	66	191	63	0	0	614	490	588	253	257	0	186	220	77	722	422	928	75	734	102	254	238	0	68	1314	372	0	514	443	932	721	529	0	0	245	666	444	260	918	248	175	649	30	0	477	208	71	0	268	829	124	0	0
cell 91	507	104	411	123	156	24	218	389	41	145	447	262	16	83	61	58	104	983	14	31	192	1268	0	133	218	746	146	0	44	10	713	26	574	19	18	119	293	119	291	34	32	203	198	1073	712	314	0	405	62	127	229	507	0	740	92	160	2	14	360	0	356	74	868	242	217	43	338	0	573	3	0	22	497	105	68	104	7	112	387	39	152	700	74	815	114	78	14	40	37	160	561	429	5	0	90	57	351	394	11	755	172
cell 92	735	261	335	206	218	0	0	366	80	258	696	484	73	157	126	129	241	1011	65	50	336	1357	618	322	353	830	415	1207	130	22	898	63	452	94	39	131	391	189	167	68	79	222	273	668	681	622	64	863	109	208	300	0	115	1072	287	311	24	43	467	903	400	113	1314	323	0	48	523	186	715	0	384	31	877	201	0	0	25	297	527	103	189	539	0	1337	0	0	76	94	81	311	315	418	43	418	0	123	413	700	0	643	245
cell 93	438	312	59	191	12	443	103	114	217	5	163	0	149	1136	117	182	137	79	584	80	248	60	76	410	634	38	214	0	62	138	0	444	205	498	239	911	54	723	0	51	271	0	154	6	0	665	323	284	0	23	46	22	14	279	0	959	238	241	294	178	363	266	0	386	612	145	858	21	246	85	429	95	663	626	0	948	355	1179	785	737	34	0	31	256	71	446	1019	301	99	116	2	53	554	210	141	486	52	842	0	14	16
cell 94	538	0	328	123	93	0	286	0	35	0	396	0	25	74	39	50	0	718	11	35	166	1269	511	124	335	861	175	1044	92	10	705	0	552	20	10	113	426	117	192	0	38	267	251	1137	0	323	13	474	46	106	275	457	90	750	110	179	2	0	269	874	321	73	940	206	233	47	363	185	742	5	164	23	467	132	82	91	2	123	0	37	0	752	0	913	132	65	26	34	45	176	436	521	12	337	85	82	317	465	6	833	225
cell 95	589	419	226	227	39	108	647	222	0	258	582	454	107	48	261	0	189	558	56	14	648	1050	1014	369	127	965	436	1032	0	23	408	35	207	73	38	61	332	137	68	120	52	196	230	365	617	809	39	1198	34	362	148	398	116	708	669	175	18	48	268	410	140	37	839	294	320	19	0	191	363	41	284	14	1053	99	225	128	40	149	353	66	305	365	504	1023	482	74	69	0	62	657	0	340	0	158	37	88	728	521	66	463	188
cell 96	860	449	234	246	70	199	608	0	109	175	538	779	182	221	320	126	300	582	100	0	607	1036	831	634	366	589	595	1501	110	77	752	145	475	212	125	189	285	353	82	0	135	283	449	339	428	1105	122	1200	91	253	233	332	124	1324	528	460	47	71	529	0	354	109	1496	437	625	70	814	0	609	0	493	60	1358	0	181	270	86	461	826	198	159	253	266	1194	412	211	225	177	0	523	159	384	0	332	107	158	373	806	100	363	0
cell 97	882	312	358	281	64	117	457	344	132	148	658	594	130	187	0	94	226	687	86	0	474	1237	796	480	0	917	456	1314	76	0	763	0	427	0	50	196	0	348	143	103	73	281	580	533	570	800	73	823	72	266	0	399	101	996	361	352	20	67	555	821	446	108	1497	486	552	85	676	135	842	19	396	44	1000	355	145	217	0	0	614	152	278	356	186	1332	409	145	0	0	94	405	275	373	57	393	96	0	545	759	0	540	220
cell 98	381	340	146	122	51	85	652	88	48	229	537	239	54	16	182	10	183	415	41	8	452	1117	1206	248	54	837	0	0	0	15	232	17	78	41	9	22	322	0	64	117	12	135	186	0	497	440	26	919	16	448	0	349	134	589	810	85	15	27	0	0	64	13	604	113	252	8	150	98	144	31	159	3	643	44	127	55	16	89	251	26	335	307	710	690	676	24	37	0	50	630	0	348	19	93	25	34	663	0	0	421	112
cell 99	220	1070	32	136	0	1099	491	17	118	0	194	420	274	0	365	21	0	36	785	3	718	0	288	883	57	56	684	222	63	0	0	93	18	722	0	51	37	0	0	149	0	31	108	12	0	728	268	690	4	192	6	34	33	150	657	188	386	317	108	20	24	5	249	92	493	0	218	12	0	330	329	20	680	91	168	251	461	310	0	290	75	8	261	212	650	56	793	95	115	468	2	25	804	21	0	114	165	268	186	8	0
cell 100	627	349	257	194	57	108	634	187	47	216	743	393	100	58	214	35	231	630	55	12	549	1201	1081	401	124	811	448	950	56	15	483	38	153	91	34	53	428	164	0	105	47	286	260	623	577	0	67	926	33	489	115	533	97	873	690	205	0	0	258	380	145	23	999	212	348	13	0	130	348	56	287	14	929	79	192	92	0	214	0	59	310	332	501	1013	518	63	82	40	72	594	231	0	45	200	0	38	615	409	58	579	114
